ID,Year_Birth,Education,Marital_Status,Income,Kidhome,Teenhome,Dt_Customer,Recency,MntWines,MntFruits,MntMeatProducts,MntFishProducts,MntSweetProducts,MntGoldProds,NumDealsPurchases,NumWebPurchases,NumCatalogPurchases,NumStorePurchases,NumWebVisitsMonth,AcceptedCmp3,AcceptedCmp4,AcceptedCmp5,AcceptedCmp1,AcceptedCmp2,Complain,Z_CostContact,Z_Revenue,Response
5011,1963,Graduation,Divorced,68118,0,1,10/18/2013,51,595,23,123,10,23,154,2,8,9,4,6,0,0,0,0,0,0,3,11,0
10652,1957,Master,Together,65487,0,0,1/10/2014,48,240,67,500,199,0,163,3,3,5,6,2,0,0,0,0,0,0,3,11,0
7196,1950,PhD,Married,41145,1,1,2/8/2014,20,9,0,3,0,0,1,1,0,0,3,3,0,0,0,0,0,0,3,11,0
10420,1955,Master,Divorced,46390,0,1,5/5/2014,56,95,14,64,2,9,38,1,4,2,3,7,0,0,0,0,0,0,3,11,0
9260,1945,PhD,Married,70356,0,0,11/5/2012,20,1349,16,249,43,16,33,2,10,6,9,6,0,0,0,0,0,0,3,11,0
9729,1955,Graduation,Widow,58275,1,1,6/2/2013,48,189,10,253,56,43,64,6,8,2,7,7,0,0,0,0,0,0,3,11,0
2320,1978,2n Cycle,Married,47025,0,1,9/12/2013,98,508,11,59,23,5,29,5,11,1,6,9,0,0,0,0,0,0,3,11,0
10796,1984,Master,Married,30477,1,0,1/22/2014,16,47,1,6,0,0,12,1,1,1,3,6,0,0,0,0,0,0,3,11,0
4654,1992,Graduation,Together,75114,0,0,11/7/2013,40,571,12,523,63,60,24,1,3,10,5,2,0,0,0,0,0,0,3,11,0
11178,1972,Master,Single,42394,1,0,3/23/2014,69,15,2,10,0,1,4,1,1,0,3,7,0,0,0,0,0,0,3,11,0
3179,1980,Graduation,Single,81741,0,0,6/16/2013,75,249,153,940,58,134,38,0,6,6,7,2,0,0,0,0,0,0,3,11,0
9797,1956,Graduation,Married,58116,0,1,4/13/2014,38,228,19,130,4,11,51,2,3,3,8,2,0,0,0,0,0,0,3,11,0
11013,1987,Graduation,Together,67605,0,0,3/31/2013,84,336,28,282,184,54,54,1,2,8,6,1,0,0,0,0,0,0,3,11,0
9284,1958,Graduation,Together,53977,0,1,6/8/2013,21,620,16,165,0,24,82,5,5,5,12,5,0,0,0,0,0,0,3,11,0
10826,1959,Graduation,Married,18690,0,0,12/28/2012,77,6,1,7,23,4,19,1,1,1,2,8,0,0,0,0,0,0,3,11,0
6974,1972,PhD,Together,83443,0,0,12/31/2013,89,518,42,742,55,56,84,1,6,10,5,2,0,0,0,0,0,0,3,11,0
9262,1984,2n Cycle,Together,32414,0,0,7/4/2013,11,20,6,5,0,9,12,1,1,0,3,7,1,0,0,0,0,0,3,11,0
176,1980,2n Cycle,Single,67506,0,1,1/2/2014,73,90,38,67,33,36,67,1,4,1,6,3,0,0,0,0,0,0,3,11,0
10673,1976,PhD,Married,68397,0,1,11/17/2013,6,760,80,466,17,13,80,1,6,9,5,3,0,0,0,0,0,0,3,11,0
271,1969,Graduation,Widow,40590,1,1,10/2/2013,30,154,0,50,6,11,37,5,3,4,3,6,1,0,0,0,0,0,3,11,0
8789,1989,2n Cycle,Married,59060,1,0,1/11/2014,77,35,40,111,36,40,12,3,3,1,7,4,0,0,0,0,0,0,3,11,0
574,1964,Graduation,Married,42523,0,0,4/23/2014,96,14,36,11,3,26,35,1,1,1,4,2,0,0,0,0,0,0,3,11,0
6518,1951,PhD,Widow,67680,0,1,6/11/2013,8,546,0,48,0,6,6,1,7,3,8,5,0,0,0,0,0,0,3,11,0
7848,1974,Graduation,Single,49166,0,1,6/13/2013,17,224,2,25,7,0,110,2,5,3,3,6,0,0,0,0,0,0,3,11,0
9212,1962,Master,Married,72828,0,1,2/14/2013,17,1205,0,235,19,14,205,6,6,3,13,7,0,0,0,0,0,0,3,11,0
4964,1958,PhD,Together,74250,0,0,1/26/2014,90,680,11,392,75,0,0,1,2,11,4,1,0,0,0,0,0,0,3,11,0
6376,1979,Graduation,Single,57537,1,0,6/10/2013,83,191,56,139,51,8,100,4,4,3,8,4,0,0,0,0,0,0,3,11,0
1377,1954,Master,Widow,44551,0,1,8/31/2013,24,182,4,33,0,0,66,2,4,1,5,7,0,0,0,0,0,0,3,11,0
3066,1975,PhD,Together,61905,0,1,2/4/2014,2,167,0,43,6,2,13,2,4,2,4,5,0,0,0,0,0,0,3,11,0
2877,1974,Master,Together,46014,1,1,1/21/2013,21,410,0,59,19,9,44,10,7,1,8,7,0,0,0,0,0,0,3,11,0
1734,1968,PhD,Together,40706,2,1,1/17/2013,37,59,0,11,4,2,5,4,3,0,4,7,0,0,0,0,0,0,3,11,0
8210,1975,Master,Married,54730,0,1,8/15/2013,64,318,3,17,4,7,56,5,4,1,8,4,0,0,0,0,0,0,3,11,0
800,1960,Graduation,Together,44512,1,1,8/30/2013,57,23,1,6,0,0,2,2,1,0,3,4,0,0,0,0,0,0,3,11,0
3807,1955,Graduation,Together,59925,0,1,11/30/2012,83,473,21,176,19,21,56,3,9,2,9,6,0,0,0,0,0,0,3,11,0
6864,1989,Master,Divorced,10979,0,0,5/22/2014,34,8,4,10,2,2,4,2,3,0,3,5,0,0,0,0,0,0,3,11,0
2162,1976,Graduation,Married,56939,0,1,9/18/2013,19,256,34,103,90,29,49,2,3,3,10,3,0,0,0,0,0,0,3,11,0
4107,1948,PhD,Together,46681,0,2,10/8/2013,52,269,15,69,15,19,38,2,4,6,4,5,0,0,0,0,0,0,3,11,0
4331,1978,Master,Together,85738,0,0,1/23/2014,41,913,26,376,17,26,13,1,3,6,11,1,0,1,1,0,0,0,3,11,0
1343,1968,Graduation,Together,58554,1,1,9/26/2012,55,368,24,68,38,0,88,6,8,2,6,7,0,0,0,0,0,0,3,11,0
4725,1950,PhD,Together,50616,0,1,4/13/2014,71,30,2,25,0,1,9,1,1,1,4,2,0,0,0,0,0,0,3,11,0
5868,1980,Graduation,Married,19107,1,0,8/22/2013,49,2,4,9,10,5,16,2,1,0,3,7,0,0,0,0,0,0,3,11,0
5827,1958,Graduation,Divorced,35246,1,1,4/16/2014,53,36,0,12,2,2,10,4,3,1,3,5,0,0,0,0,0,0,3,11,0
11051,1956,PhD,Together,77376,1,1,5/10/2014,72,492,19,110,16,12,12,4,6,3,10,4,0,0,0,0,0,0,3,11,0
663,1989,PhD,Single,33996,0,0,9/11/2013,46,40,2,15,8,0,6,1,1,1,3,4,0,0,0,0,0,0,3,11,0
2661,1964,Graduation,Single,18701,1,1,6/4/2013,95,12,4,2,10,6,10,4,2,0,4,5,0,0,0,0,0,0,3,11,0
3828,1951,Graduation,Married,71107,0,1,2/17/2013,61,533,10,217,198,174,195,2,7,6,13,4,0,0,0,0,0,0,3,11,0
3798,1968,Graduation,Married,41120,1,1,11/6/2013,80,24,2,23,0,8,24,3,2,1,3,6,0,0,0,0,0,0,3,11,0
5376,1979,Graduation,Married,2447,1,0,1/6/2013,42,1,1,1725,1,1,1,15,0,28,0,1,0,0,0,0,0,0,3,11,0
641,1967,Graduation,Single,52074,0,1,4/4/2014,77,59,0,12,0,0,48,1,2,2,2,4,1,0,0,0,0,0,3,11,0
7247,1960,Graduation,Widow,47916,0,1,11/22/2012,72,505,0,26,0,0,75,5,7,4,6,6,0,1,0,0,0,0,3,11,0
8690,1962,Graduation,Married,86111,0,0,4/19/2013,73,399,28,756,36,40,126,1,5,7,10,2,0,0,0,0,0,0,3,11,0
2926,1952,Master,Together,55951,0,1,8/23/2012,62,1241,0,80,0,13,40,3,3,6,11,8,0,1,0,0,1,0,3,11,0
9360,1982,Graduation,Married,37040,0,0,8/8/2012,41,86,2,73,69,38,48,1,4,2,5,8,0,0,0,0,0,0,3,11,0
8977,1985,Basic,Single,16581,0,0,1/12/2013,51,1,3,4,2,3,11,1,0,0,3,4,0,0,0,0,0,0,3,11,0
895,1948,PhD,Married,61467,0,2,12/9/2012,69,410,16,114,0,5,49,3,5,2,10,5,0,0,0,0,0,0,3,11,0
3602,1958,Master,Married,51412,0,1,12/31/2013,42,140,3,29,4,5,14,2,3,2,4,4,0,0,0,0,0,0,3,11,0
8212,1971,Master,Married,39791,0,1,3/28/2013,89,85,15,27,13,13,21,2,3,1,4,7,0,0,0,0,0,0,3,11,0
6534,1974,Graduation,Together,47889,1,0,1/4/2014,94,29,0,29,0,5,4,1,2,0,3,5,0,0,0,0,0,0,3,11,0
2918,1981,Graduation,Divorced,28510,1,1,4/13/2013,72,44,5,19,0,4,19,3,2,0,4,5,0,0,0,0,0,0,3,11,0
5430,1956,Graduation,Together,54450,1,1,9/14/2012,0,454,0,171,8,19,32,12,9,2,8,8,0,0,0,0,0,0,3,11,0
5939,1971,Graduation,Together,38232,1,1,1/17/2014,84,43,5,28,7,6,33,4,3,1,3,5,0,0,0,0,0,0,3,11,0
175,1986,Graduation,Married,71952,1,0,1/10/2013,93,656,80,455,52,107,93,2,8,4,8,4,1,0,1,0,0,0,3,11,0
1419,1950,Graduation,Together,34026,1,1,8/5/2013,11,18,6,15,12,8,17,3,2,1,3,5,0,0,0,0,0,0,3,11,0
10413,1984,Graduation,Married,72570,0,0,4/25/2014,67,274,83,216,151,141,224,1,4,6,12,1,0,0,0,0,0,0,3,11,0
10157,1965,Graduation,Single,59686,0,1,1/25/2014,78,89,15,89,34,42,5,1,4,1,6,4,0,0,0,0,0,0,3,11,0
5798,1973,Master,Together,,0,0,11/23/2013,87,445,37,359,98,28,18,1,2,4,8,1,0,0,0,0,0,0,3,11,0
2416,1969,PhD,Single,66582,0,0,3/3/2014,83,789,25,420,16,38,0,1,2,8,9,1,0,0,0,0,0,0,3,11,0
1717,1988,Graduation,Single,39747,1,0,4/13/2014,43,80,15,93,20,13,52,3,5,1,4,8,0,0,0,0,0,0,3,11,0
9246,1985,Master,Together,40101,1,0,10/14/2012,73,171,3,129,26,24,62,4,6,1,6,7,0,0,0,0,0,0,3,11,0
199,1962,Master,Single,45183,0,0,1/20/2013,33,219,3,60,12,9,12,1,4,1,7,7,0,1,0,0,0,0,3,11,0
4828,1954,Graduation,Divorced,79865,0,1,6/18/2014,12,71,99,278,185,121,38,1,5,10,5,1,0,0,0,0,0,0,3,11,0
387,1976,Basic,Married,7500,0,0,11/13/2012,59,6,16,11,11,1,16,1,2,0,3,8,0,0,0,0,0,0,3,11,0
87,1981,2n Cycle,Married,27733,1,0,8/26/2013,16,0,7,5,26,2,17,2,2,0,3,7,0,0,0,0,0,0,3,11,0
6177,1985,PhD,Married,33454,1,0,5/8/2013,32,76,10,56,3,1,23,2,4,0,4,8,0,0,0,0,0,0,3,11,0
6357,1959,2n Cycle,Divorced,59052,0,1,11/17/2013,29,230,35,75,63,57,31,3,7,1,7,5,0,0,0,0,0,0,3,11,0
10505,1960,Master,Together,73113,0,0,12/26/2013,86,741,19,154,50,9,28,1,3,4,7,2,0,0,0,0,0,0,3,11,0
2253,1990,Graduation,Married,18929,0,0,2/16/2013,15,32,0,8,23,4,18,1,1,0,4,6,0,0,0,0,0,0,3,11,0
5185,1955,Graduation,Married,74268,0,0,2/14/2013,83,199,66,315,97,174,41,1,4,3,5,2,0,0,0,0,0,0,3,11,0
4084,1975,Graduation,Together,60934,0,1,1/17/2014,41,224,155,155,192,93,54,2,6,4,11,4,0,0,0,0,0,0,3,11,0
9905,1952,Graduation,Together,34074,1,1,7/13/2013,69,135,1,41,10,1,67,5,3,3,3,6,1,0,0,0,0,0,3,11,0
7959,1961,Graduation,Married,79410,0,0,5/29/2014,19,658,80,483,123,13,13,1,3,2,5,1,0,0,0,0,0,0,3,11,0
4702,1964,Graduation,Single,61839,0,0,8/12/2012,20,1000,155,379,224,17,120,1,4,8,4,8,0,0,0,0,0,0,3,11,0
2686,1969,Basic,Together,22390,0,0,10/21/2013,49,0,1,4,15,1,5,1,1,0,2,7,0,0,0,0,0,0,3,11,0
6958,1977,Master,Married,27889,1,0,7/5/2013,42,14,0,4,0,0,8,1,1,1,2,6,0,0,0,0,0,0,3,11,0
4597,1970,PhD,Together,82072,0,0,7/2/2013,67,889,55,685,168,92,129,1,3,2,13,1,0,0,0,0,0,0,3,11,0
5441,1965,PhD,Widow,54111,0,1,8/25/2013,97,267,6,54,8,3,50,2,5,2,6,5,0,0,0,0,0,0,3,11,0
6887,1967,Graduation,Single,79146,1,1,4/24/2014,33,245,16,223,21,43,16,2,8,1,8,6,0,0,0,0,0,0,3,11,0
1987,1987,Basic,Single,21063,1,0,9/25/2013,34,1,10,11,19,3,15,2,2,0,3,6,0,0,0,0,0,0,3,11,0
10144,1976,Graduation,Together,51369,0,1,10/25/2012,84,297,7,79,0,11,182,2,8,2,4,8,0,0,0,0,0,0,3,11,0
10981,1988,Graduation,Married,84219,0,0,2/2/2014,27,434,137,400,45,137,45,1,3,4,10,1,0,0,0,0,0,0,3,11,0
9206,1968,Graduation,Together,77382,0,1,1/7/2014,36,491,48,231,112,105,134,2,5,7,12,1,0,0,1,0,0,0,3,11,0
5796,1963,Graduation,Married,77437,0,0,11/26/2013,70,560,21,442,29,44,29,1,4,5,13,1,0,0,1,0,0,0,3,11,0
1016,1959,PhD,Single,34554,0,1,3/30/2014,43,41,1,6,2,0,5,2,2,0,3,6,0,0,0,0,0,0,3,11,0
6982,1976,Graduation,Married,74068,0,0,3/19/2013,14,783,30,537,140,76,15,1,4,10,9,2,0,0,0,0,0,0,3,11,0
1777,1980,Basic,Married,25965,0,0,9/7/2012,29,2,2,11,41,7,11,1,2,0,3,8,0,0,0,0,0,0,3,11,0
9699,1966,Graduation,Divorced,67272,0,1,12/21/2013,12,357,35,271,28,28,14,3,6,2,12,5,0,0,0,0,0,0,3,11,0
1612,1981,PhD,Single,,1,0,5/31/2013,82,23,0,15,0,2,7,2,3,0,3,6,0,0,0,0,0,0,3,11,0
8932,1969,Master,Together,65176,0,1,10/29/2012,57,960,28,183,220,70,70,4,9,6,6,6,0,0,0,0,0,0,3,11,0
9381,1978,Graduation,Married,66373,1,1,6/12/2013,57,328,9,124,12,24,109,7,4,2,10,3,0,0,0,0,0,0,3,11,0
5015,1976,Master,Married,34529,1,0,9/14/2012,94,68,6,38,3,6,41,2,2,2,3,7,0,0,0,0,0,0,3,11,0
8799,1984,PhD,Married,38175,1,0,9/23/2013,6,70,6,69,2,3,3,3,3,1,4,7,0,0,0,0,0,0,3,11,0
5237,1950,PhD,Single,48767,1,2,1/1/2014,79,28,1,21,3,0,10,3,2,1,3,5,0,0,0,0,0,0,3,11,0
4637,1954,PhD,Single,74637,0,0,5/18/2013,73,960,64,464,146,0,16,1,6,9,9,3,0,0,0,1,0,0,3,11,0
8933,1983,2n Cycle,Married,32146,1,0,5/12/2014,16,26,3,23,4,7,3,2,2,0,4,6,0,0,0,0,0,0,3,11,0
8755,1946,Master,Married,68657,0,0,2/20/2013,4,482,34,471,119,68,22,1,3,5,9,7,0,0,0,0,0,0,3,11,0
5782,1982,2n Cycle,Together,58582,0,1,9/28/2013,15,402,35,106,101,77,42,2,9,2,9,5,0,1,0,0,0,0,3,11,0
9988,1976,Master,Single,70379,0,1,3/3/2013,84,553,25,142,65,67,8,3,6,3,13,4,0,0,0,0,0,0,3,11,0
5062,1963,PhD,Married,54072,1,1,7/27/2013,71,35,0,4,0,0,0,1,2,0,2,8,0,0,0,0,0,0,3,11,0
1204,1970,PhD,Married,67536,0,1,5/22/2013,45,1253,0,447,23,71,35,3,11,5,11,8,0,0,0,1,0,0,3,11,0
10258,1965,Master,Single,35791,2,1,5/6/2013,94,27,0,5,0,0,3,2,1,0,3,8,0,0,0,0,0,0,3,11,0
8427,1956,Master,Single,64857,0,0,11/23/2012,78,556,14,717,210,0,43,1,7,5,10,4,0,0,0,0,0,0,3,11,0
7192,1955,Graduation,Together,65748,0,1,4/15/2013,58,172,73,93,95,78,34,2,2,4,10,1,0,0,0,0,0,1,3,11,0
6263,1968,Graduation,Together,35322,1,2,8/22/2012,34,28,9,37,12,7,13,3,2,0,4,8,0,0,0,0,0,0,3,11,0
213,1963,PhD,Single,23091,1,1,5/28/2014,98,35,0,11,0,0,2,4,2,1,3,7,0,0,0,0,0,0,3,11,0
7723,1979,Graduation,Together,75507,0,0,5/2/2014,56,709,93,374,104,80,80,1,8,6,6,3,0,0,0,0,0,0,3,11,0
5010,1988,Graduation,Single,25008,1,0,2/2/2014,72,2,8,8,6,1,9,2,1,0,3,8,0,0,0,0,0,0,3,11,0
6950,1958,Master,Married,49572,1,1,12/15/2013,25,35,1,16,0,1,1,2,2,0,3,7,0,0,0,0,0,0,3,11,0
10868,1951,Graduation,Widow,70792,0,0,2/6/2013,82,344,45,654,104,11,114,2,3,4,10,3,0,0,0,0,0,0,3,11,0
3107,1976,Graduation,Together,71322,0,1,5/2/2014,31,121,24,124,24,15,42,1,4,1,7,2,0,0,0,0,0,0,3,11,0
4643,1973,Graduation,Married,27803,1,0,8/26/2012,40,8,26,46,38,9,49,2,3,0,4,8,0,0,0,0,0,0,3,11,0
11075,1978,Graduation,Married,51267,1,1,10/29/2013,37,183,2,64,7,2,12,4,3,3,5,4,0,0,0,0,0,0,3,11,0
5544,1970,Graduation,Single,67384,0,1,11/10/2012,32,957,40,175,158,53,107,2,7,8,5,5,0,1,0,0,0,0,3,11,0
10925,1983,Graduation,Married,76630,0,0,1/14/2014,93,255,31,446,40,56,175,1,3,10,11,1,0,0,0,0,0,0,3,11,0
3386,1992,Graduation,Married,34935,0,0,6/21/2013,71,34,4,66,3,10,20,1,2,1,4,7,0,0,0,0,0,0,3,11,0
2724,1981,Master,Single,36143,1,0,3/30/2014,33,12,0,1,0,0,6,1,0,1,2,3,0,0,0,0,0,0,3,11,0
3916,1971,PhD,Together,49269,1,0,8/15/2012,92,639,8,166,11,8,58,3,7,3,12,7,0,0,0,0,0,0,3,11,0
1176,1973,Graduation,Married,26228,1,0,9/22/2013,50,2,6,4,3,1,9,1,1,0,2,8,0,0,0,0,0,0,3,11,0
2747,1988,PhD,Married,67546,0,0,8/31/2012,90,864,134,768,150,38,172,1,4,10,5,3,0,0,0,0,0,0,3,11,0
4050,1966,Master,Married,49605,0,0,6/21/2014,65,42,16,29,12,20,8,1,2,1,4,3,0,0,0,0,0,0,3,11,0
8372,1974,Graduation,Married,34421,1,0,7/1/2013,81,3,3,7,6,2,9,1,1,0,2,7,0,0,0,0,0,0,3,11,0
1183,1949,Master,Married,36408,1,1,9/21/2013,11,9,1,4,3,2,3,1,1,0,2,6,0,0,0,0,0,0,3,11,0
448,1978,PhD,Single,54880,1,0,3/1/2013,57,308,85,137,102,45,118,2,6,2,11,5,0,0,0,0,0,0,3,11,0
713,1977,Master,Married,50353,0,0,6/8/2014,72,141,15,153,67,31,35,1,4,4,6,3,0,0,0,0,0,0,3,11,0
9612,1987,2n Cycle,Single,23830,0,0,2/7/2014,3,1,8,6,4,8,16,1,1,0,3,7,0,0,0,0,0,0,3,11,0
3829,1979,Basic,Together,24594,1,0,12/10/2013,94,1,3,6,10,0,9,1,1,0,3,5,0,0,0,0,0,0,3,11,0
7108,1965,Master,Widow,51390,1,1,9/8/2012,54,205,20,47,23,2,56,6,5,2,5,5,0,0,0,0,0,0,3,11,0
9973,1963,Graduation,Married,50437,0,2,10/17/2012,28,370,9,92,6,9,4,3,7,1,8,7,0,0,0,0,0,0,3,11,0
675,1973,Master,Divorced,52034,1,1,5/17/2013,67,146,0,93,7,13,73,5,4,2,5,7,0,0,0,0,0,0,3,11,0
2882,1975,2n Cycle,Divorced,67893,0,1,10/1/2012,31,711,28,142,49,18,47,2,3,2,9,8,0,0,0,0,0,0,3,11,0
1553,1946,Graduation,Together,82657,0,0,9/27/2013,71,966,168,672,246,105,126,1,7,5,10,4,0,1,0,1,0,0,3,11,0
4351,1955,Graduation,Divorced,37244,1,1,4/27/2013,90,18,2,10,0,0,25,1,1,1,2,7,1,0,0,0,0,0,3,11,0
7732,1978,Graduation,Married,64813,1,0,1/2/2014,81,293,0,124,179,97,52,1,7,2,10,5,0,0,0,0,0,0,3,11,0
10710,1979,Graduation,Married,7500,0,1,8/29/2012,61,5,2,3,3,0,5,1,1,0,2,8,0,0,0,0,0,0,3,11,0
9274,1961,Master,Married,80950,0,0,3/28/2013,44,525,147,112,219,147,63,1,6,7,9,2,0,0,0,1,0,0,3,11,0
10313,1975,Graduation,Married,48178,1,1,10/28/2012,69,159,4,45,6,2,38,6,5,1,4,8,0,0,0,0,0,0,3,11,0
907,1975,Graduation,Married,46149,0,1,11/29/2013,36,254,6,71,4,0,27,5,5,1,7,5,0,0,0,0,0,0,3,11,0
6283,1968,Master,Divorced,63841,0,1,4/21/2013,64,635,15,100,20,7,131,1,9,3,9,6,0,0,0,0,0,0,3,11,0
6678,1989,Graduation,Together,31928,1,0,3/28/2014,5,33,4,24,4,2,5,2,3,0,4,7,0,0,0,0,0,0,3,11,0
7628,1973,2n Cycle,Married,43050,1,0,3/18/2014,10,30,5,24,6,3,8,2,2,0,4,5,0,0,0,0,0,0,3,11,0
3266,1964,Graduation,Married,42523,0,0,4/23/2014,96,14,36,11,3,26,35,1,1,1,4,2,0,0,0,0,0,0,3,11,0
7129,1962,PhD,Married,54693,0,1,2/17/2013,72,686,17,142,23,26,35,8,6,4,13,6,0,0,0,0,0,0,3,11,0
4368,1980,Graduation,Married,47850,1,0,12/3/2013,72,42,7,43,20,12,10,1,3,0,4,6,0,0,0,0,0,0,3,11,0
3220,1983,Graduation,Married,39922,1,0,2/14/2013,30,29,12,59,19,1,36,2,3,0,4,8,0,0,0,0,0,0,3,11,0
7165,1972,Graduation,Together,64474,0,1,10/22/2013,59,381,35,172,56,86,93,2,8,2,10,5,0,0,0,0,0,0,3,11,0
10061,1950,Graduation,Married,59462,0,1,1/5/2013,29,724,17,143,0,8,196,2,9,2,12,7,0,0,0,0,0,0,3,11,0
9817,1970,Master,Single,44802,0,0,8/21/2012,71,853,10,143,13,10,20,2,9,4,12,8,0,0,0,0,0,0,3,11,0
7101,1963,PhD,Widow,52278,0,1,1/25/2013,24,953,0,71,0,0,174,6,10,5,10,8,0,0,0,0,0,0,3,11,0
8955,1957,PhD,Together,40451,0,2,2/16/2014,54,35,0,4,0,0,10,1,1,1,2,5,1,0,0,0,0,0,3,11,0
520,1974,Graduation,Married,34421,1,0,7/1/2013,81,3,3,7,6,2,9,1,1,0,2,7,0,0,0,0,0,0,3,11,0
9495,1982,Graduation,Together,71853,0,0,5/8/2013,29,358,108,413,141,97,32,1,2,8,6,1,0,0,0,0,0,0,3,11,0
73,1953,PhD,Single,51411,1,2,5/26/2013,81,14,0,3,0,0,1,1,0,0,3,5,0,0,0,0,0,0,3,11,0
2727,1973,Graduation,Together,57100,0,0,12/4/2013,19,181,21,69,39,3,96,1,3,3,6,3,0,0,0,0,0,0,3,11,0
11114,1970,Graduation,Together,19656,1,0,2/8/2013,94,25,4,9,6,8,32,3,2,1,3,7,0,0,0,0,0,0,3,11,0
5231,1974,2n Cycle,Married,45894,0,2,2/27/2014,15,27,2,7,0,2,13,1,1,0,3,5,0,0,0,0,0,0,3,11,0
5967,1952,Graduation,Together,33402,1,1,7/18/2013,60,26,2,19,10,5,8,3,2,1,3,8,0,0,0,0,0,0,3,11,0
10767,1989,PhD,Together,77845,0,0,5/16/2014,40,760,40,480,0,40,26,1,3,5,12,1,0,0,1,1,0,0,3,11,0
1951,1981,Basic,Married,34445,0,0,1/27/2013,92,228,122,122,208,129,30,6,11,2,8,9,0,0,0,0,0,0,3,11,0
1715,1978,Graduation,Together,25851,1,0,2/11/2013,45,9,4,18,7,5,5,2,2,0,3,7,0,0,0,0,0,0,3,11,0
3628,1987,Basic,Single,15038,1,0,1/29/2013,93,4,8,11,19,12,26,2,2,1,2,9,0,0,0,0,0,0,3,11,0
8595,1973,Graduation,Widow,42429,0,1,2/11/2014,99,55,0,6,2,0,4,2,1,1,3,5,0,0,0,0,0,0,3,11,0
7725,1965,2n Cycle,Married,76800,0,0,3/8/2014,33,173,26,255,35,71,81,1,4,4,7,1,0,0,0,0,0,0,3,11,0
182,1946,PhD,Together,44124,0,1,5/11/2013,62,284,0,55,0,6,52,4,6,2,5,8,0,0,0,0,0,0,3,11,0
3732,1955,Master,Married,52750,0,1,2/4/2013,72,393,0,239,90,69,69,6,5,7,9,4,0,0,0,0,0,0,3,11,0
5304,1974,PhD,Single,30899,1,0,10/13/2012,35,24,0,8,0,0,1,2,1,0,3,6,0,0,0,0,0,0,3,11,0
10736,1971,Graduation,Single,72258,0,1,9/12/2013,28,522,0,522,227,120,134,2,6,9,5,2,0,0,0,0,0,0,3,11,0
7972,1955,Graduation,Single,72906,0,0,9/17/2013,79,400,32,519,71,75,54,1,3,4,9,1,0,0,0,0,0,0,3,11,0
6730,1954,Graduation,Married,38998,1,1,11/3/2012,92,34,1,14,0,0,5,3,2,0,3,8,0,0,0,0,0,1,3,11,0
2561,1966,Graduation,Single,63810,0,1,11/11/2012,45,977,12,253,16,12,101,4,4,3,12,8,0,1,0,0,0,0,3,11,0
6977,1974,Graduation,Together,75702,0,1,10/14/2012,87,1073,0,629,145,37,37,1,10,5,13,6,0,0,1,0,0,0,3,11,0
5184,1995,Graduation,Single,34824,0,0,3/26/2014,65,4,2,11,2,0,4,1,1,0,2,6,0,0,0,0,0,0,3,11,0
5267,1970,Graduation,Divorced,33986,1,0,3/14/2013,43,16,2,18,2,1,5,1,1,0,3,7,0,0,0,0,0,0,3,11,0
3083,1974,Graduation,Married,45837,1,1,7/26/2013,88,215,13,87,17,17,24,5,6,2,5,7,0,0,0,0,0,0,3,11,0
1030,1965,PhD,Single,40637,1,1,7/17/2013,72,22,0,13,0,0,3,2,1,0,3,7,0,0,0,0,0,0,3,11,0
7279,1969,PhD,Together,69476,0,0,9/30/2013,3,260,86,559,63,9,67,1,4,6,4,2,0,0,0,0,0,0,3,11,0
8175,1992,Graduation,Married,34935,0,0,6/21/2013,71,34,4,66,3,10,20,1,2,1,4,7,0,0,0,0,0,0,3,11,0
1606,1971,Graduation,Together,38590,1,0,5/15/2013,65,3,1,8,4,3,3,1,1,0,2,8,0,0,0,0,0,0,3,11,0
5628,1982,Graduation,Together,61416,0,0,2/8/2013,25,848,154,323,201,61,78,1,10,3,10,6,1,0,0,0,0,0,3,11,0
2118,1964,2n Cycle,Married,62905,0,1,9/10/2013,68,166,75,96,119,107,59,3,7,2,8,4,0,0,0,0,0,0,3,11,0
891,1951,Master,Together,29298,1,1,9/7/2013,60,6,0,2,2,0,1,1,1,0,2,5,0,0,0,0,0,0,3,11,0
1328,1982,2n Cycle,Married,57937,0,1,2/16/2014,56,261,42,144,55,48,133,3,4,4,9,3,0,0,0,0,0,0,3,11,0
10159,1970,Graduation,Divorced,58710,0,1,3/31/2013,77,440,81,368,0,122,174,6,11,5,9,6,0,0,0,0,0,0,3,11,0
7683,1968,Master,Married,70777,0,1,2/25/2014,80,554,35,113,0,7,78,3,5,3,12,3,0,0,0,0,0,0,3,11,0
4939,1946,Graduation,Together,37760,0,0,8/31/2012,20,84,5,38,150,12,28,2,4,1,6,7,0,0,0,0,0,0,3,11,0
2656,1971,Graduation,Divorced,40851,1,1,2/21/2013,63,23,1,7,0,4,24,1,1,1,2,7,0,0,0,0,0,0,3,11,0
4790,1958,Graduation,Divorced,79803,0,1,6/2/2014,54,574,8,216,21,16,33,1,4,3,5,1,0,0,0,0,0,0,3,11,0
9423,1979,Master,Married,32765,1,0,2/23/2014,49,13,3,17,7,3,3,2,2,0,4,5,0,0,0,0,0,0,3,11,0
5863,1953,Graduation,Married,47703,0,1,5/29/2013,95,359,0,134,13,26,123,4,6,3,8,5,0,0,0,0,0,0,3,11,0
2797,1977,Graduation,Married,72117,0,1,8/20/2013,34,707,20,171,65,60,50,1,9,7,9,5,0,0,0,0,0,0,3,11,0
1127,1973,PhD,Married,85844,0,0,5/29/2014,62,938,19,843,25,95,38,1,6,6,7,2,0,0,1,0,0,0,3,11,0
879,1976,Master,Married,49681,0,2,11/4/2013,66,411,0,26,0,0,21,6,7,1,7,7,0,0,0,0,0,0,3,11,0
8702,1976,2n Cycle,Together,26907,1,1,8/20/2013,10,9,1,7,0,3,2,2,1,0,3,7,0,0,0,0,0,0,3,11,0
1384,1992,Basic,Married,17256,1,0,11/23/2013,10,6,4,14,8,8,22,2,2,1,2,8,1,0,0,0,0,0,3,11,0
2106,1974,2n Cycle,Married,20130,0,0,3/17/2014,99,0,6,3,7,6,12,1,1,0,3,8,0,0,0,0,0,0,3,11,0
5370,1973,PhD,Married,32644,1,0,1/16/2013,38,239,3,141,0,7,23,4,7,1,6,8,1,0,0,0,0,0,3,11,0
3839,1958,Basic,Single,15056,1,1,5/3/2013,76,6,12,3,21,6,40,5,2,2,3,5,0,0,0,0,0,0,3,11,0
702,1975,2n Cycle,Widow,47682,0,1,2/15/2013,80,162,61,83,97,57,61,4,4,3,8,5,0,0,0,0,0,0,3,11,0
1225,1963,Graduation,Married,80124,0,0,6/26/2014,47,483,84,398,205,84,241,1,3,7,8,1,1,0,0,0,0,0,3,11,0
7094,1975,Graduation,Widow,58330,0,1,12/25/2013,87,445,53,213,104,98,151,1,6,4,13,4,0,0,0,0,0,0,3,11,0
3967,1971,PhD,Married,78931,0,0,10/25/2013,19,331,197,170,58,152,35,1,2,8,13,1,0,0,0,0,0,0,3,11,0
361,1969,Master,Married,43142,1,1,2/18/2014,84,5,1,7,2,1,4,1,1,0,2,7,0,0,0,0,0,0,3,11,0
4385,1981,PhD,Single,36038,1,0,5/31/2013,82,23,0,15,0,2,7,2,3,0,3,6,0,0,0,0,0,0,3,11,0
4785,1970,PhD,Together,77622,0,2,4/14/2014,3,520,7,154,19,0,14,2,6,3,11,3,0,0,0,0,0,0,3,11,0
9240,1971,PhD,Single,60504,0,1,2/7/2014,73,458,0,24,6,4,34,2,6,2,8,6,0,0,0,0,0,0,3,11,0
3412,1951,Master,Married,67381,0,1,1/15/2013,67,815,8,53,11,0,70,4,2,2,9,7,0,1,0,0,0,0,3,11,0
3856,1960,Graduation,Together,63381,0,1,10/5/2012,78,571,50,142,33,50,159,4,4,5,13,2,0,0,0,0,0,0,3,11,0
10277,1961,Graduation,Single,30081,0,1,2/21/2013,27,36,0,2,0,0,4,1,1,0,3,7,0,0,0,0,0,0,3,11,0
8602,1964,Graduation,Divorced,69932,0,1,6/12/2013,97,412,172,153,150,105,57,2,7,6,11,4,0,0,0,0,0,0,3,11,0
5123,1951,Master,Married,27450,0,0,4/15/2013,57,37,12,23,8,11,52,1,2,1,3,7,0,0,0,0,0,0,3,11,0
8430,1957,Graduation,Together,21994,0,1,12/24/2012,4,9,0,6,3,1,3,1,0,0,3,5,0,0,0,0,0,0,3,11,0
3389,1970,Graduation,Married,69016,0,1,11/22/2012,61,726,53,363,123,107,161,4,8,9,13,5,0,0,0,0,0,0,3,11,0
1515,1975,Master,Together,34176,0,1,1/22/2014,9,11,2,7,4,2,2,1,1,0,3,3,0,0,0,0,0,0,3,11,0
1165,1958,PhD,Single,50729,1,1,5/2/2013,62,239,13,143,45,4,52,9,6,2,7,6,0,0,0,0,0,0,3,11,0
5186,1955,PhD,Married,58482,0,1,3/12/2014,59,576,7,115,19,7,7,2,7,4,9,6,0,1,0,0,0,0,3,11,0
5763,1972,Master,Together,49854,1,0,11/10/2013,63,123,17,171,39,0,30,5,6,2,5,6,0,0,0,0,0,0,3,11,0
10995,1988,2n Cycle,Married,15716,1,0,11/12/2012,8,16,5,30,8,7,26,3,3,0,4,8,0,0,0,0,0,1,3,11,0
977,1957,Graduation,Together,47320,0,1,8/1/2013,10,200,19,111,50,15,19,6,5,1,8,6,0,0,0,0,0,0,3,11,0
6935,1951,2n Cycle,Married,78497,0,0,12/1/2013,44,207,26,447,75,0,223,1,5,7,12,2,0,0,0,1,0,0,3,11,0
8151,1990,Basic,Married,24279,0,0,12/29/2012,6,16,36,21,20,62,108,1,4,1,3,8,0,0,0,0,0,0,3,11,0
6616,1975,Graduation,Together,59481,0,1,10/23/2013,47,178,3,85,71,66,58,2,3,3,8,2,0,0,0,0,0,0,3,11,0
8925,1965,Master,Married,70053,0,1,7/3/2013,38,512,53,98,81,179,89,3,8,5,10,5,0,0,0,0,0,0,3,11,0
7393,1978,Graduation,Together,41580,1,1,12/10/2012,15,56,5,24,4,0,3,3,2,1,3,5,0,0,0,0,0,0,3,11,0
7010,1965,2n Cycle,Married,70924,0,0,4/7/2014,41,635,114,254,132,152,76,1,6,6,7,3,0,0,1,0,0,0,3,11,0
1291,1978,PhD,Together,27683,1,0,8/4/2012,90,152,9,121,12,12,45,4,6,2,4,8,0,0,0,0,0,0,3,11,0
2276,1955,Graduation,Single,57959,0,1,5/2/2013,71,430,16,322,43,24,33,5,4,7,11,3,0,0,0,0,0,0,3,11,0
10584,1976,Graduation,Married,65665,0,1,12/2/2013,77,225,162,387,106,36,29,1,5,10,8,3,0,0,0,0,0,0,3,11,0
5790,1985,Graduation,Married,31158,1,0,1/27/2013,62,25,6,16,20,0,5,2,2,0,3,8,0,0,0,0,0,0,3,11,0
850,1968,Graduation,Single,70566,0,1,10/6/2013,4,381,28,215,84,28,21,2,6,5,9,3,0,0,0,0,0,0,3,11,0
3859,1947,PhD,Together,73059,0,1,8/31/2013,36,410,112,420,0,82,71,1,9,3,13,4,0,0,0,0,0,0,3,11,0
4220,1970,PhD,Married,59892,0,1,11/2/2013,26,73,0,13,0,1,0,1,2,1,3,3,0,0,0,0,0,0,3,11,0
10681,1970,2n Cycle,Married,62466,0,1,1/15/2014,13,129,129,259,168,121,83,5,6,3,12,4,0,0,0,0,0,0,3,11,0
3712,1959,Graduation,Divorced,52332,0,0,8/28/2013,63,212,5,33,7,0,2,1,3,2,6,4,0,1,0,0,0,0,3,11,0
10833,1975,Graduation,Married,65106,0,1,5/24/2014,55,790,19,133,12,0,19,3,8,3,13,6,0,1,0,0,0,0,3,11,0
5527,1987,Graduation,Together,22434,1,0,2/13/2013,25,4,12,11,3,13,15,2,2,0,3,8,0,0,0,0,0,0,3,11,0
113,1951,Graduation,Married,30833,1,1,7/16/2013,33,11,0,7,3,1,6,2,1,0,3,5,0,0,0,0,0,0,3,11,0
2631,1982,Graduation,Together,71853,0,0,5/8/2013,29,358,108,413,141,97,32,1,2,8,6,1,0,0,0,0,0,0,3,11,0
4603,1960,PhD,Married,65695,0,1,1/31/2014,50,371,32,189,0,58,6,2,5,4,10,4,0,0,0,0,0,0,3,11,0
2939,1970,Master,Together,79419,0,0,6/22/2014,96,751,127,687,20,15,31,1,4,6,4,2,0,0,0,0,0,0,3,11,0
1386,1967,Graduation,Together,32474,1,1,5/11/2014,0,10,0,1,0,0,0,1,1,0,2,7,0,0,0,0,0,0,3,11,0
7458,1956,Master,Together,34941,1,1,3/6/2013,26,39,2,25,4,3,24,2,3,0,3,8,0,0,0,0,0,0,3,11,0
3091,1981,2n Cycle,Together,75774,1,0,5/2/2014,27,340,21,134,258,14,56,1,7,5,8,4,0,0,0,0,0,0,3,11,0
5909,1964,Graduation,Married,58512,0,1,9/19/2013,25,895,10,101,13,0,152,5,3,4,8,8,0,0,0,0,0,0,3,11,0
6516,1989,Basic,Married,17487,1,0,3/18/2013,37,0,0,1,7,4,6,1,1,0,2,7,0,0,0,0,0,0,3,11,0
3277,1955,Graduation,Divorced,49431,0,1,8/3/2012,9,219,3,100,26,0,17,2,7,1,5,8,0,0,0,0,0,0,3,11,0
738,1981,2n Cycle,Single,42395,1,1,4/4/2014,35,48,13,57,24,15,25,4,3,1,4,7,0,0,0,0,0,0,3,11,0
10479,1975,PhD,Married,76618,0,0,12/7/2012,64,749,40,294,121,160,147,1,3,2,5,1,0,0,0,0,0,0,3,11,0
966,1966,Graduation,Married,44529,0,1,7/5/2013,98,538,13,91,17,6,26,6,6,2,11,5,0,1,0,0,0,0,3,11,0
550,1952,Graduation,Divorced,62335,0,1,5/23/2013,87,243,131,217,85,6,26,2,3,3,13,2,0,0,0,0,0,0,3,11,0
946,1958,2n Cycle,Together,26490,0,0,9/22/2012,92,45,47,52,21,20,25,2,3,1,5,6,0,0,0,0,0,0,3,11,0
6340,1985,Graduation,Single,29938,1,0,10/27/2013,52,3,3,7,0,2,11,2,1,0,3,6,0,0,0,0,0,0,3,11,0
4286,1970,PhD,Single,57642,0,1,1/9/2014,24,580,6,58,8,0,27,3,7,6,6,4,1,0,0,0,0,0,3,11,0
2139,1975,Master,Married,7500,1,0,10/2/2013,19,3,1,10,3,2,12,3,2,0,3,5,0,0,0,0,0,0,3,11,0
359,1950,Graduation,Together,48070,0,1,1/13/2013,33,373,14,83,6,9,19,3,8,2,6,7,0,0,0,0,0,1,3,11,0
2261,1969,Graduation,Married,26304,1,0,6/23/2013,5,4,1,5,2,0,4,1,1,0,2,7,0,0,0,0,0,0,3,11,0
6001,1979,Graduation,Married,56775,0,1,1/2/2013,62,614,35,160,58,35,35,2,5,8,10,5,0,0,0,0,0,0,3,11,0
1740,1944,Graduation,Married,55956,0,0,4/7/2014,22,760,38,104,50,9,38,2,7,3,4,4,0,1,0,0,0,0,3,11,0
5263,1977,2n Cycle,Married,31056,1,0,1/22/2013,99,5,10,13,3,8,16,1,1,0,3,8,0,0,0,0,0,0,3,11,0
7297,1973,Graduation,Single,7500,1,0,12/26/2013,54,5,3,10,12,7,20,4,3,1,3,7,0,0,0,0,0,0,3,11,0
3515,1952,Graduation,Single,62307,0,1,2/17/2014,94,87,13,34,10,6,10,1,4,0,4,5,0,0,0,0,0,0,3,11,0
8080,1986,Graduation,Single,26816,0,0,8/17/2012,50,5,1,6,3,4,3,1,0,0,3,4,0,0,0,0,0,0,3,11,0
6173,1979,Graduation,Together,77298,0,1,11/2/2013,46,425,115,292,23,35,79,1,6,6,11,3,0,0,0,0,0,0,3,11,0
3623,1976,Graduation,Together,21675,1,0,6/11/2014,55,4,0,16,17,4,4,3,4,0,3,7,0,0,0,0,0,0,3,11,0
965,1971,Graduation,Divorced,55635,0,1,11/13/2012,34,235,65,164,50,49,27,4,7,3,7,6,0,0,0,0,0,0,3,11,0
1402,1954,Master,Married,66991,0,0,9/11/2012,1,496,36,460,189,60,12,3,4,8,6,3,0,0,0,0,0,0,3,11,0
833,1955,Master,Married,38452,1,1,3/30/2014,62,56,0,14,0,0,2,3,3,0,3,7,0,0,0,0,0,0,3,11,0
3673,1971,Graduation,Single,55239,0,1,7/14/2013,59,371,17,238,23,24,106,3,7,5,11,5,0,0,0,0,0,0,3,11,0
246,1965,Graduation,Married,66480,1,1,5/31/2014,71,199,9,57,20,21,6,7,4,1,7,4,0,0,0,0,0,0,3,11,0
10260,1965,Master,Together,45143,0,1,8/26/2013,74,202,5,74,11,5,14,3,6,1,5,7,0,0,0,0,0,0,3,11,0
10991,1960,Master,Married,89058,0,0,12/7/2012,18,454,194,106,31,22,43,1,5,4,4,2,0,0,0,0,0,0,3,11,0
2625,1954,2n Cycle,Single,42607,0,1,11/17/2013,30,156,29,56,30,32,47,2,3,2,7,3,0,0,0,0,0,0,3,11,0
3598,1972,Graduation,Married,62710,0,1,5/23/2013,53,441,35,83,7,29,11,4,4,2,12,4,0,0,0,0,0,0,3,11,0
1044,1953,Graduation,Together,58398,0,0,5/14/2013,44,299,5,201,21,21,49,3,5,4,8,4,0,0,0,0,0,0,3,11,0
1802,1971,Graduation,Married,64795,0,1,1/17/2013,23,412,5,119,38,29,77,3,3,3,12,2,0,0,0,0,0,0,3,11,0
8594,1958,PhD,Widow,50520,0,1,1/28/2014,25,112,0,6,2,1,14,2,3,1,3,6,0,0,0,0,0,0,3,11,0
4246,1982,Master,Single,6560,0,0,12/12/2013,2,67,11,26,4,3,262,0,1,0,1,17,0,0,0,0,0,0,3,11,0
1545,1986,Graduation,Married,38508,1,0,8/2/2013,95,120,19,206,25,19,54,6,7,2,5,8,0,0,0,0,0,0,3,11,0
5610,1965,Graduation,Together,33456,1,1,4/21/2014,58,7,3,10,8,1,7,2,1,0,3,7,0,0,0,0,0,0,3,11,0
1921,1967,PhD,Married,59062,2,1,10/3/2013,74,46,1,12,3,0,9,2,2,0,3,4,0,0,0,0,0,0,3,11,0
1000,1961,Master,Together,74881,1,1,3/8/2013,48,505,72,270,36,27,54,4,9,2,12,5,0,0,0,0,0,0,3,11,0
10855,1968,Master,Single,50014,1,0,1/22/2014,9,234,14,77,19,10,42,2,4,1,8,5,0,0,0,0,0,0,3,11,0
4322,1958,PhD,Together,77863,0,0,11/27/2013,20,881,38,319,16,25,12,1,4,5,10,2,0,0,0,0,0,0,3,11,0
2173,1952,Graduation,Widow,40049,0,1,10/16/2013,23,13,6,7,0,3,3,1,1,0,3,6,0,0,0,0,0,0,3,11,0
4459,1989,Graduation,Single,30279,1,0,12/30/2012,13,10,4,14,4,4,1,1,1,0,3,8,0,0,0,0,0,0,3,11,0
6682,1973,Basic,Married,18978,1,0,12/11/2012,41,2,8,1,4,7,15,1,1,0,3,8,0,0,0,0,0,0,3,11,0
1993,1949,PhD,Married,58607,0,1,12/23/2012,63,867,0,86,0,0,19,3,2,3,9,8,0,1,0,0,0,0,3,11,0
3433,1955,2n Cycle,Married,72635,0,0,6/3/2013,54,390,22,323,104,35,107,1,6,8,6,3,0,0,0,1,0,0,3,11,0
6218,1965,Graduation,Married,59594,0,1,10/20/2012,74,457,4,29,0,0,9,1,8,1,7,7,0,1,0,0,0,0,3,11,0
4137,1948,Graduation,Together,70666,0,0,12/6/2013,29,398,40,367,119,122,30,1,7,4,4,4,0,0,0,0,0,0,3,11,0
3426,1975,Graduation,Divorced,70300,1,0,7/15/2013,89,1045,61,338,60,46,46,3,5,5,13,8,0,0,0,0,0,0,3,11,0
4179,1959,Graduation,Together,24221,0,0,8/20/2013,94,8,9,9,2,5,22,1,1,1,3,4,0,0,0,0,0,0,3,11,0
2589,1972,Graduation,Divorced,26759,1,0,2/7/2014,65,25,3,16,8,5,2,2,2,1,3,6,0,0,0,0,0,0,3,11,0
4086,1959,Graduation,Married,18690,0,0,12/28/2012,77,6,1,7,23,4,19,1,1,1,2,8,0,0,0,0,0,0,3,11,0
8235,1956,Master,Together,69245,0,1,1/24/2014,8,428,30,214,80,30,61,2,6,5,10,3,0,0,0,0,0,0,3,11,0
4141,1965,Graduation,Together,71613,0,0,8/21/2013,26,426,49,127,111,21,42,1,8,2,10,4,0,0,0,0,0,0,3,11,0
10582,1979,Graduation,Married,72063,0,1,7/3/2013,3,180,32,348,76,32,90,2,5,2,12,2,0,0,0,0,0,0,3,11,0
1685,1967,PhD,Together,62981,0,0,3/17/2013,21,796,14,590,38,44,0,1,4,5,13,3,0,1,0,0,0,0,3,11,0
9710,1969,PhD,Divorced,58086,0,1,1/20/2013,80,708,7,62,0,0,15,2,11,3,7,8,0,0,0,0,0,0,3,11,0
2975,1976,Graduation,Together,85606,0,1,11/12/2012,89,717,42,864,219,30,84,2,6,7,9,3,0,0,0,1,0,0,3,11,0
8070,1973,PhD,Married,54222,0,1,3/1/2014,98,199,12,31,3,12,7,1,3,3,5,3,0,0,0,0,0,0,3,11,0
10160,1956,Master,Together,50943,0,1,6/21/2013,49,31,0,7,2,0,6,1,1,0,3,5,0,0,0,0,0,0,3,11,0
4646,1951,2n Cycle,Married,78497,0,0,12/1/2013,44,207,26,447,75,0,223,1,5,7,12,2,0,0,0,1,0,0,3,11,0
7947,1969,Graduation,Married,42231,1,1,3/25/2014,99,24,0,8,0,1,4,1,1,0,3,5,0,0,0,0,0,0,3,11,0
10403,1978,Graduation,Together,16531,1,0,6/18/2014,43,2,13,6,7,5,11,3,3,0,3,7,0,0,0,0,0,0,3,11,0
9971,1964,PhD,Married,65526,0,1,4/11/2014,22,397,19,69,12,0,9,1,4,4,8,2,0,0,0,0,0,0,3,11,0
10343,1991,2n Cycle,Single,61618,0,0,9/29/2012,27,605,91,399,0,45,205,2,3,6,8,3,0,0,0,0,0,0,3,11,0
10364,1959,Graduation,Divorced,23295,0,0,7/13/2013,72,0,0,1,2,12,5,1,1,0,2,8,0,0,0,0,0,0,3,11,0
4415,1961,Graduation,Married,16860,1,1,9/12/2012,19,10,4,4,3,3,14,3,1,1,3,7,0,0,0,0,0,0,3,11,0
898,1986,Graduation,Married,23477,1,0,10/21/2013,39,38,15,54,3,8,29,3,3,0,4,8,0,0,0,0,0,0,3,11,0
3120,1981,Graduation,Together,38547,1,0,8/28/2013,49,6,1,10,0,1,4,1,1,0,2,8,0,0,0,0,0,1,3,11,0
7444,1969,Master,Married,42169,1,1,10/19/2013,20,19,0,9,0,0,2,2,1,0,3,8,0,0,0,0,0,0,3,11,0
5966,1974,PhD,Married,45207,1,1,11/10/2012,64,203,0,10,0,0,2,5,3,1,6,6,0,1,0,0,0,0,3,11,0
7437,1988,Graduation,Single,27938,1,0,4/28/2014,31,13,0,8,2,1,5,1,1,0,4,3,0,0,0,0,0,0,3,11,0
3388,1967,Graduation,Divorced,70844,1,1,10/30/2013,16,129,26,67,3,67,2,5,6,1,5,7,0,0,0,0,0,0,3,11,0
2930,1978,Master,Single,68092,0,0,12/16/2013,7,852,60,207,78,36,48,2,2,6,10,5,0,0,0,0,0,0,3,11,0
793,1973,Graduation,Married,20895,1,0,10/6/2012,24,18,3,17,3,0,4,1,2,0,3,9,0,0,0,0,0,0,3,11,0
4554,1965,Graduation,Together,47009,0,1,10/1/2013,89,171,45,73,59,10,90,4,3,2,8,4,0,0,0,0,0,0,3,11,0
9426,1964,Master,Single,58308,0,1,1/12/2013,77,691,0,69,10,0,130,4,2,6,3,8,0,0,0,0,0,0,3,11,0
11176,1970,PhD,Together,65968,0,1,5/12/2014,12,376,9,83,19,4,4,2,5,4,7,3,0,0,0,0,0,0,3,11,0
5453,1956,Master,Married,90226,0,0,9/26/2012,26,1083,108,649,253,151,108,1,4,7,12,2,0,0,0,1,0,0,3,11,0
1411,1952,Graduation,Divorced,82623,0,0,11/10/2013,58,204,34,204,172,153,173,1,2,9,4,1,0,0,0,0,0,0,3,11,0
1012,1952,Graduation,Single,61823,0,1,2/18/2013,26,523,7,134,37,14,169,4,8,2,10,7,0,0,0,0,0,0,3,11,0
6497,1960,Graduation,Married,51651,0,1,11/7/2012,32,293,6,23,13,6,92,4,6,2,5,8,0,0,0,0,0,0,3,11,0
1446,1956,Master,Single,86424,0,0,4/5/2014,12,387,68,569,89,45,68,1,6,9,12,1,0,0,0,0,0,0,3,11,0
10637,1964,Graduation,Married,40800,1,2,1/1/2013,77,24,0,27,8,30,10,2,3,0,3,7,0,0,0,0,0,1,3,11,0
153,1953,Graduation,Divorced,23272,0,0,10/17/2013,29,19,3,6,4,2,12,1,1,0,3,4,0,0,0,0,0,0,3,11,0
5524,1957,Graduation,Single,58138,0,0,9/4/2012,58,635,88,546,172,88,88,3,8,10,4,7,0,0,0,0,0,0,3,11,1
4855,1974,PhD,Together,30351,1,0,6/6/2013,19,14,0,24,3,3,2,1,3,0,2,9,0,0,0,0,0,0,3,11,1
2114,1946,PhD,Single,82800,0,0,11/24/2012,23,1006,22,115,59,68,45,1,7,6,12,3,0,0,1,1,0,0,3,11,1
7373,1952,PhD,Divorced,46610,0,2,10/29/2012,8,96,12,96,33,22,43,6,4,1,6,6,0,0,0,0,0,0,3,11,1
2968,1943,PhD,Divorced,48948,0,0,2/1/2013,53,437,8,206,160,49,42,2,7,10,5,6,1,0,0,0,0,0,3,11,1
9909,1996,2n Cycle,Married,7500,0,0,11/9/2012,24,3,18,14,15,22,50,3,3,1,3,9,0,0,0,0,0,0,3,11,1
2225,1977,Graduation,Divorced,82582,0,0,6/7/2014,54,510,120,550,156,40,241,1,4,9,7,1,1,0,0,1,0,0,3,11,1
6260,1955,Master,Together,82384,0,0,11/19/2012,55,984,51,432,180,120,190,1,3,10,13,1,0,0,1,0,0,0,3,11,1
10383,1966,Graduation,Divorced,70287,0,0,4/2/2013,30,295,35,482,121,120,40,1,5,5,10,3,0,0,0,0,0,0,3,11,1
6853,1982,Master,Single,75777,0,0,7/4/2013,12,712,26,538,69,13,80,1,3,6,11,1,0,1,1,0,0,0,3,11,1
8082,1971,Graduation,Married,25721,1,0,5/21/2013,75,1,3,6,3,6,15,1,1,1,2,7,0,0,0,0,0,0,3,11,1
9369,1979,2n Cycle,Single,88194,0,1,3/19/2014,19,688,14,309,201,24,38,1,11,10,10,5,1,0,0,1,0,0,3,11,1
1859,1972,Master,Married,75251,0,0,8/27/2012,34,721,111,925,97,18,18,1,7,6,5,5,0,0,0,0,0,0,3,11,1
7503,1976,Graduation,Single,75825,0,0,10/12/2012,40,1032,105,779,137,105,51,0,5,8,9,4,1,0,0,0,0,0,3,11,1
1618,1965,Graduation,Together,56046,0,0,1/2/2013,9,577,0,64,0,0,51,2,10,1,8,8,1,0,0,0,0,0,3,11,1
4452,1957,Graduation,Single,50388,0,1,5/28/2014,3,292,6,37,0,3,34,4,6,1,6,7,0,1,0,1,0,0,3,11,1
8908,1959,Graduation,Married,87195,0,0,5/8/2014,35,217,76,690,50,26,38,1,3,11,5,1,0,0,0,0,0,0,3,11,1
7431,1991,PhD,Single,68126,0,0,11/10/2012,40,1332,17,311,23,51,86,1,7,4,5,9,0,1,0,0,0,0,3,11,1
999,1991,Graduation,Single,86037,0,0,1/2/2013,95,490,44,125,29,20,22,1,6,7,11,3,0,1,1,0,0,0,3,11,1
6205,1967,Master,Single,32557,1,0,2/24/2014,13,34,3,29,0,4,10,3,2,1,3,5,0,0,0,0,0,0,3,11,1
7215,1983,Graduation,Single,101970,0,0,3/12/2013,69,722,27,102,44,72,168,0,6,8,13,2,0,1,1,1,0,0,3,11,1
11071,1984,Graduation,Single,79607,0,0,4/21/2013,37,450,133,951,173,0,216,1,3,6,6,1,0,0,0,0,0,0,3,11,1
7660,1973,PhD,Alone,35860,1,1,5/19/2014,37,15,0,8,4,2,20,2,1,1,2,5,1,0,0,0,0,0,3,11,1
11084,1976,Master,Together,65104,0,1,11/14/2013,4,738,0,232,13,20,50,2,3,5,7,7,0,0,0,0,0,0,3,11,1
10837,1975,Graduation,Married,23957,1,0,10/28/2012,47,2,1,18,20,11,16,1,2,0,3,6,0,0,0,0,0,0,3,11,1
10240,1949,Graduation,Together,69372,0,0,2/19/2013,10,997,26,269,34,13,42,1,10,4,6,4,0,1,1,0,0,0,3,11,1
10314,1948,PhD,Married,83837,0,0,12/16/2012,79,847,66,119,86,89,111,1,9,10,5,4,0,1,0,1,0,0,3,11,1
3182,1973,PhD,Single,46854,1,1,3/31/2014,81,96,1,79,7,1,79,6,5,1,3,8,1,0,0,0,0,0,3,11,1
2798,1977,PhD,Together,102160,0,0,11/2/2012,54,763,29,138,76,176,58,0,7,9,10,4,0,1,1,1,0,0,3,11,1
624,1984,Master,Single,18890,0,0,11/10/2012,5,6,4,1,7,2,15,1,0,1,2,6,1,0,0,0,0,0,3,11,1
380,1954,Graduation,Divorced,64497,0,1,9/10/2012,17,1170,48,320,42,32,192,5,11,4,9,8,1,0,0,0,0,0,3,11,1
6798,1966,Graduation,Single,37070,1,1,3/20/2013,30,231,7,137,4,15,39,9,5,1,8,7,0,0,0,0,0,0,3,11,1
9529,1990,Graduation,Married,73687,0,0,11/28/2013,8,559,153,503,218,13,181,1,3,9,9,2,0,0,0,1,0,0,3,11,1
2176,1972,Graduation,Married,80134,1,0,5/20/2013,40,1218,16,272,104,0,80,2,5,3,6,6,0,1,1,1,0,0,3,11,1
10089,1974,Graduation,Divorced,102692,0,0,4/5/2013,5,168,148,444,32,172,148,1,6,9,13,2,0,1,1,1,1,0,3,11,1
10264,1979,Graduation,Divorced,15287,1,0,10/10/2012,60,1,2,8,4,3,13,2,1,1,2,7,1,0,0,0,0,0,3,11,1
2387,1952,Master,Together,43776,1,1,2/3/2013,9,177,2,71,3,2,20,6,5,2,4,8,0,0,0,0,0,0,3,11,1
9703,1970,PhD,Married,38097,1,1,10/15/2012,70,77,2,35,0,1,69,4,3,2,2,7,1,0,0,0,0,0,3,11,1
2379,1953,Graduation,Single,69267,0,0,9/22/2012,31,778,44,499,95,73,146,2,3,4,5,7,0,0,0,0,0,0,3,11,1
3445,1956,Graduation,Single,60714,0,0,1/17/2013,56,216,162,224,101,92,162,2,7,4,10,5,0,0,0,0,0,0,3,11,1
3762,1986,PhD,Single,69867,0,0,4/2/2013,30,196,0,512,33,130,54,1,3,5,8,1,0,0,0,1,0,0,3,11,1
6609,1966,Graduation,Widow,27038,0,0,9/18/2012,64,1,26,25,17,23,15,1,3,0,3,9,0,0,0,0,0,0,3,11,1
10675,1956,PhD,Married,66334,0,1,4/3/2013,82,909,11,218,0,0,23,2,9,3,5,5,0,0,0,0,0,0,3,11,1
2521,1971,Master,Married,35178,1,0,1/10/2013,10,23,1,13,2,2,18,1,1,1,2,7,1,0,0,0,0,0,3,11,1
7381,1968,Graduation,Divorced,75693,0,0,12/6/2012,10,797,153,293,72,97,30,1,11,4,6,4,0,1,1,1,0,0,3,11,1
9560,1965,Graduation,Together,83003,0,0,3/3/2013,18,856,61,570,40,25,122,1,7,6,8,3,0,0,1,0,0,0,3,11,1
8234,1973,Basic,Together,27190,1,0,8/15/2013,13,1,6,7,0,1,3,1,1,0,2,8,1,0,0,0,0,0,3,11,1
1826,1970,Graduation,Divorced,84835,0,0,6/16/2014,0,189,104,379,111,189,218,1,4,4,6,1,0,0,0,0,0,0,3,11,1
9185,1966,PhD,Single,69759,0,0,10/28/2013,38,452,20,514,13,30,0,3,4,6,5,3,0,0,0,0,0,0,3,11,1
1519,1972,PhD,Single,38578,1,1,6/22/2013,2,38,4,22,3,3,3,3,3,0,3,8,0,0,0,0,0,0,3,11,1
1726,1970,Graduation,Single,22585,0,0,3/18/2013,23,3,9,15,13,2,39,1,1,1,2,9,1,0,0,0,0,0,3,11,1
6720,1968,Master,Together,43795,0,1,10/16/2013,11,314,11,53,4,3,107,3,7,3,4,7,0,1,0,0,0,0,3,11,1
6354,1984,Graduation,Together,15345,1,0,8/31/2012,51,5,2,16,3,2,19,2,1,1,2,8,0,0,0,0,0,0,3,11,1
8213,1980,2n Cycle,Together,14515,1,0,11/9/2012,71,6,4,9,6,36,35,4,2,2,3,7,0,0,0,0,0,0,3,11,1
2552,1955,PhD,Single,55521,1,2,10/22/2013,11,416,0,26,0,0,4,9,6,3,6,7,0,1,0,0,0,0,3,11,1
3645,1972,PhD,Single,27213,1,0,8/30/2012,19,19,3,26,10,9,3,3,2,0,4,8,0,0,0,0,0,0,3,11,1
7301,1982,2n Cycle,Single,23616,1,0,11/17/2012,76,4,22,11,3,7,32,2,3,0,3,8,0,0,0,0,0,0,3,11,1
4216,1981,Graduation,Single,91065,0,0,2/22/2013,33,822,114,108,179,137,114,1,7,9,9,3,0,0,1,1,0,0,3,11,1
1361,1974,Master,Married,82584,0,0,6/4/2013,26,1076,68,103,29,91,68,1,3,4,8,1,0,1,1,0,0,0,3,11,1
3725,1961,PhD,Single,84865,0,0,5/9/2013,1,1248,16,349,43,16,16,1,2,4,9,4,0,1,1,1,1,0,3,11,1
4947,1966,2n Cycle,Single,89572,0,0,9/15/2012,44,606,24,974,197,194,64,1,7,7,9,4,0,1,0,1,0,0,3,11,1
3225,1984,Master,Married,42207,1,0,4/1/2013,71,116,11,72,3,17,46,4,4,1,5,6,1,0,0,0,0,0,3,11,1
1992,1964,Graduation,Married,60597,0,1,1/1/2014,2,522,0,257,32,16,66,4,2,2,8,7,0,0,0,1,0,0,3,11,1
7999,1955,PhD,Together,75261,0,0,4/23/2013,17,1239,17,413,23,34,17,1,5,6,5,2,0,1,1,0,0,0,3,11,1
1581,1980,Graduation,Married,37406,1,0,10/10/2013,18,2,0,8,2,2,3,1,1,0,2,8,0,0,0,0,0,0,3,11,1
564,1981,PhD,Together,56937,1,0,8/4/2012,81,746,8,125,11,8,8,7,8,6,9,6,0,1,0,0,0,0,3,11,1
8346,1974,Graduation,Single,32233,1,0,8/19/2012,26,138,15,35,25,11,72,2,6,2,2,9,1,0,0,0,0,0,3,11,1
2426,1964,PhD,Divorced,78825,0,0,9/14/2012,35,483,74,114,169,37,18,1,5,10,13,3,0,0,0,0,0,0,3,11,1
35,1987,Graduation,Married,25545,1,0,9/8/2012,35,32,1,64,16,12,85,3,2,2,3,6,0,0,0,0,0,0,3,11,1
6931,1967,Graduation,Divorced,76982,0,0,2/15/2014,19,464,151,292,65,60,30,1,8,3,4,4,0,0,1,0,0,0,3,11,1
5547,1982,PhD,Married,84169,0,0,8/7/2013,9,1478,19,403,0,19,0,1,7,6,6,3,0,1,1,0,0,0,3,11,1
10955,1964,Graduation,Widow,85620,0,0,1/7/2014,68,416,46,925,60,107,46,1,3,6,4,1,0,0,0,0,0,0,3,11,1
9671,1968,Graduation,Married,19514,1,1,1/26/2014,47,14,3,21,2,1,28,4,3,1,2,8,1,0,0,0,0,0,3,11,1
5371,1989,Graduation,Single,21474,1,0,4/8/2014,0,6,16,24,11,0,34,2,3,1,2,7,1,0,0,0,0,0,3,11,1
9504,1949,Master,Married,81698,0,0,11/6/2013,4,179,28,520,111,123,47,1,3,8,13,1,0,0,0,0,0,0,3,11,1
3174,1959,Graduation,Together,87771,0,1,5/22/2013,61,1492,38,287,50,57,33,1,5,10,4,6,0,1,1,1,1,0,3,11,1
2574,1977,PhD,Married,61996,0,1,1/31/2013,27,1050,12,144,0,0,24,3,6,4,8,5,0,1,0,1,1,0,3,11,1
9058,1955,Graduation,Widow,79800,0,0,9/23/2012,65,1060,21,530,32,0,224,1,5,11,5,3,1,0,1,1,0,0,3,11,1
3710,1984,PhD,Single,39684,1,0,10/12/2012,41,19,0,35,6,4,17,2,2,1,2,7,0,0,0,0,0,1,3,11,1
7627,1975,Master,Married,92163,0,0,12/12/2012,25,817,183,797,106,163,20,0,5,11,5,2,0,0,1,1,0,0,3,11,1
4992,1975,Master,Together,17459,1,0,9/19/2013,12,6,4,16,3,10,30,3,3,1,2,7,0,0,0,0,0,0,3,11,1
7141,1986,Master,Single,21888,1,0,12/29/2012,15,88,10,46,2,3,64,4,5,1,2,10,0,0,0,0,0,0,3,11,1
10299,1969,PhD,Single,48240,0,0,11/9/2012,73,389,91,248,64,49,41,3,6,3,13,5,0,0,0,0,0,0,3,11,1
4299,1960,Graduation,Together,70971,0,1,9/21/2012,28,1001,17,572,93,125,17,7,11,11,5,7,0,0,0,0,0,0,3,11,1
4376,1960,2n Cycle,Single,32218,0,0,2/15/2014,27,10,24,15,13,1,30,1,2,1,3,7,1,0,0,0,0,0,3,11,1
8923,1973,Graduation,Single,83917,0,0,4/18/2013,12,514,22,732,42,198,79,1,6,7,7,3,0,0,0,0,0,0,3,11,1
1907,1950,Master,Divorced,63120,0,1,9/28/2012,53,965,69,279,54,41,69,5,8,4,9,7,0,0,0,0,0,0,3,11,1
1173,1947,Master,Together,77632,0,0,3/10/2013,73,1200,105,758,0,42,147,1,4,2,6,2,0,1,1,0,0,0,3,11,1
4611,1970,Graduation,Together,105471,0,0,1/21/2013,36,1009,181,104,202,21,207,0,9,8,13,3,0,0,1,1,0,0,3,11,1
4673,1963,PhD,Married,81300,0,1,10/30/2012,17,1004,12,145,32,12,36,3,10,3,5,5,0,0,0,1,0,0,3,11,1
8779,1985,2n Cycle,Married,36145,1,0,6/16/2013,13,56,4,76,17,1,18,4,4,1,3,9,1,0,0,0,0,0,3,11,1
9826,1972,PhD,Single,86857,0,0,9/12/2012,96,899,102,838,133,102,40,1,5,6,10,2,0,0,0,0,0,0,3,11,1
7230,1960,PhD,Divorced,50611,0,1,10/4/2012,98,459,0,24,6,0,4,6,4,5,7,6,0,1,0,0,0,0,3,11,1
6379,1949,Master,Widow,47570,1,1,5/29/2013,3,67,1,20,0,2,31,3,2,2,2,7,0,0,0,0,0,0,3,11,1
2868,1949,PhD,Single,26518,1,1,4/8/2013,33,20,1,28,3,3,2,3,2,0,3,8,0,0,0,0,0,0,3,11,1
8029,1988,Master,Single,90247,0,0,4/29/2014,27,1184,32,352,21,16,16,1,3,4,7,1,0,1,1,1,0,0,3,11,1
4301,1971,Master,Married,35178,1,0,1/10/2013,10,23,1,13,2,2,18,1,1,1,2,7,1,0,0,0,0,0,3,11,1
3619,1960,2n Cycle,Divorced,87305,0,0,9/23/2012,19,345,25,501,63,138,80,1,5,3,8,2,0,0,1,0,0,0,3,11,1
4692,1976,Graduation,Married,7500,1,0,8/1/2012,19,7,0,12,13,7,32,5,4,1,2,9,1,0,0,0,0,0,3,11,1
7875,1949,Graduation,Married,72025,0,0,4/29/2014,46,967,0,617,43,50,0,1,4,8,13,2,0,1,1,1,0,0,3,11,1
4073,1954,2n Cycle,Married,63564,0,0,1/29/2014,0,769,80,252,15,34,65,1,10,10,7,6,1,0,0,0,0,0,3,11,1
3667,1969,Graduation,Married,80952,0,0,2/28/2013,20,778,178,689,41,27,44,1,8,5,11,8,0,1,1,1,0,0,3,11,1
4012,1972,PhD,Together,62220,0,1,8/11/2012,55,799,12,375,16,12,12,5,7,6,5,6,0,0,0,0,0,0,3,11,1
7573,1978,PhD,Single,31626,1,0,5/10/2013,12,39,1,9,2,1,34,1,2,1,2,7,1,0,0,0,0,0,3,11,1
8897,1965,Graduation,Single,42720,1,1,4/24/2013,9,392,5,91,28,26,112,8,7,3,7,8,0,0,0,0,0,0,3,11,1
6299,1968,PhD,Divorced,42564,0,1,1/2/2013,28,324,48,186,39,18,198,6,6,8,4,7,1,0,0,0,0,0,3,11,1
10446,1957,PhD,Married,82017,0,0,11/7/2012,58,184,23,446,30,23,23,1,5,4,7,2,0,1,1,1,0,0,3,11,1
3483,1958,Graduation,Married,48192,0,0,4/6/2013,76,1039,43,204,153,58,29,3,2,8,12,8,0,1,0,1,1,0,3,11,1
5585,1972,Graduation,Single,21359,1,0,4/20/2013,1,12,2,17,6,1,10,2,2,0,3,8,0,0,0,0,0,0,3,11,1
9493,1980,PhD,Single,76412,0,0,5/5/2013,15,840,53,804,23,71,17,1,5,4,8,3,0,0,1,1,0,0,3,11,1
1,1961,Graduation,Single,57091,0,0,6/15/2014,0,464,5,64,7,0,37,1,7,3,7,5,0,0,0,0,1,0,3,11,1
5536,1959,Graduation,Together,87771,0,1,5/22/2013,61,1492,38,287,50,57,33,1,5,10,4,6,0,1,1,1,1,0,3,11,1
5848,1970,Graduation,Together,81205,0,0,1/13/2014,43,724,74,929,97,55,130,1,5,6,7,2,1,0,1,0,1,0,3,11,1
5794,1974,PhD,Married,46374,0,1,3/17/2014,1,408,0,21,0,0,17,3,7,1,7,8,0,1,0,1,0,0,3,11,1
8443,1972,Graduation,Single,24762,1,0,2/10/2014,16,6,10,12,3,15,40,3,3,1,2,8,1,0,0,0,0,0,3,11,1
5830,1972,PhD,Single,86857,0,0,9/12/2012,96,899,102,838,133,102,40,1,5,6,10,2,0,0,0,0,0,0,3,11,1
8800,1943,PhD,Divorced,48948,0,0,2/1/2013,53,437,8,206,160,49,42,2,7,10,5,6,1,0,0,0,0,0,3,11,1
5519,1956,Graduation,Together,64090,0,1,8/7/2013,8,316,58,161,76,51,135,1,6,9,4,5,0,0,0,0,0,0,3,11,1
10150,1961,Graduation,Single,86429,0,0,11/21/2013,10,464,28,873,29,18,37,0,7,4,7,2,0,0,0,1,0,0,3,11,1
9760,1963,PhD,Widow,52278,0,1,1/25/2013,24,953,0,71,0,0,174,6,10,5,10,8,0,0,0,0,0,0,3,11,1
1048,1972,Master,Married,35641,1,0,7/14/2013,11,63,3,67,8,9,28,2,3,1,4,7,0,0,0,0,0,0,3,11,1
10619,1994,Graduation,Single,95529,0,0,12/3/2012,29,770,29,890,250,27,24,1,7,3,7,3,0,0,1,0,0,0,3,11,1
8362,1982,PhD,Married,84169,0,0,8/7/2013,9,1478,19,403,0,19,0,1,7,6,6,3,0,1,1,0,0,0,3,11,1
4487,1969,Master,Single,39858,1,0,1/24/2013,67,15,20,25,2,7,26,1,2,0,4,6,0,0,0,0,0,0,3,11,1
6810,1983,Graduation,Divorced,82025,0,0,5/28/2013,76,267,98,606,48,70,98,1,3,2,6,1,0,0,1,0,0,0,3,11,1
5386,1953,Graduation,Together,94384,0,0,3/4/2013,62,1111,24,790,160,45,172,0,5,8,5,2,0,1,1,1,0,0,3,11,1
5320,1973,Master,Divorced,44051,1,1,1/29/2013,20,79,7,58,6,3,18,4,3,1,4,6,0,0,0,0,0,0,3,11,1
5748,1965,Graduation,Married,59754,0,1,12/1/2012,96,115,27,44,4,146,139,3,5,2,6,5,0,0,0,0,0,0,3,11,1
3547,1969,Master,Together,41021,1,0,12/30/2012,12,14,7,9,6,16,12,2,2,0,3,6,0,0,0,0,0,0,3,11,1
10489,1973,Graduation,Married,92955,0,0,8/19/2013,35,693,21,925,31,24,84,1,6,7,9,2,0,0,1,1,0,0,3,11,1
2620,1974,PhD,Married,34596,1,0,4/13/2013,48,14,0,2,0,0,7,1,1,0,2,8,0,0,0,0,0,0,3,11,1
5718,1950,Graduation,Married,80763,0,0,8/15/2013,17,674,168,108,192,42,231,1,5,11,6,3,0,0,1,1,0,0,3,11,1
4580,1969,Graduation,Married,75759,0,0,10/25/2013,46,1394,22,708,89,91,182,1,9,7,9,5,1,0,1,1,0,0,3,11,1
8545,1954,Graduation,Divorced,85683,0,0,3/21/2014,6,1296,17,311,45,69,51,1,2,4,10,1,0,1,1,1,1,0,3,11,1
10473,1956,PhD,Widow,78028,0,1,9/10/2012,38,158,19,288,25,0,38,1,6,4,9,7,0,1,1,0,0,0,3,11,1
7962,1987,PhD,Single,95169,0,0,10/9/2013,1,1285,21,449,106,20,20,1,4,3,4,1,0,0,1,1,0,0,3,11,1
9984,1981,2n Cycle,Married,56337,1,1,3/27/2013,25,349,16,144,28,5,182,5,8,5,4,8,1,0,0,1,0,0,3,11,1
7453,1954,Graduation,Single,36130,0,1,2/2/2013,46,157,43,127,68,56,37,6,3,8,4,4,1,0,0,0,0,0,3,11,1
6059,1953,PhD,Together,64504,1,2,3/4/2013,81,986,36,168,16,0,108,7,11,3,4,7,0,0,0,0,0,0,3,11,1
3706,1978,Graduation,Single,28647,1,0,8/21/2013,54,19,8,29,0,12,26,1,2,2,2,7,1,0,0,0,0,0,3,11,1
5204,1971,Graduation,Together,74538,0,0,6/29/2013,21,380,98,733,110,112,28,1,8,8,5,3,0,0,1,0,0,0,3,11,1
9220,1971,Graduation,Single,91700,0,0,1/17/2013,58,576,172,961,125,115,19,1,8,6,5,3,0,0,0,0,0,0,3,11,1
6019,1971,PhD,Married,37126,1,0,3/30/2014,9,45,3,9,4,4,7,1,1,2,2,6,1,0,0,0,0,0,3,11,1
6287,1986,Graduation,Together,34728,1,0,7/30/2013,2,14,0,16,0,0,6,1,1,1,2,6,0,0,0,0,0,0,3,11,1
8870,1984,Graduation,Together,35196,1,0,11/13/2012,68,75,12,141,43,39,187,6,6,1,5,8,0,0,0,0,0,0,3,11,1
5740,1970,2n Cycle,Divorced,25959,1,1,2/14/2013,1,4,2,12,7,5,26,2,1,2,2,6,0,0,0,0,0,0,3,11,1
1162,1987,PhD,Single,42000,0,0,1/10/2013,23,124,83,267,85,59,35,2,5,2,11,5,0,0,0,0,0,0,3,11,1
3005,1992,Graduation,Single,83528,0,0,5/1/2014,7,530,117,678,134,44,147,1,4,10,8,1,1,0,0,1,0,0,3,11,1
247,1971,Graduation,Married,36715,1,0,11/17/2012,16,172,10,125,21,13,16,6,7,2,4,9,0,0,0,0,0,0,3,11,1
8707,1956,Graduation,Married,79456,0,0,8/22/2012,12,565,42,548,64,83,99,1,5,6,4,3,0,0,0,0,0,0,3,11,1
6072,1970,Master,Single,75345,0,0,2/2/2013,16,918,57,842,99,38,133,1,5,8,6,3,0,0,0,1,0,0,3,11,1
1509,1958,PhD,Together,84460,0,0,1/4/2013,80,152,27,103,106,54,81,0,9,9,4,5,0,1,1,1,1,0,3,11,1
7348,1958,PhD,Single,71691,0,0,3/17/2014,0,336,130,411,240,32,43,1,4,7,5,2,0,0,0,0,0,0,3,11,1
5538,1975,Graduation,Divorced,83829,0,0,10/8/2013,78,897,161,430,186,161,27,0,4,7,6,1,1,0,1,1,0,0,3,11,1
1524,1983,2n Cycle,Single,81698,0,0,3/1/2013,1,709,45,115,30,160,45,1,8,2,5,5,0,0,0,1,0,0,3,11,1
3885,1983,PhD,Married,33569,1,0,10/16/2013,10,16,2,18,3,0,24,1,1,1,2,8,1,0,0,0,0,0,3,11,1
1175,1983,Master,Married,36262,0,0,9/20/2013,24,88,39,54,64,28,153,1,3,5,3,6,1,0,0,0,0,0,3,11,1
5995,1962,Graduation,Divorced,39552,1,1,12/18/2012,54,165,3,147,4,24,41,7,6,2,5,8,0,0,0,0,0,0,3,11,1
4756,1952,2n Cycle,Divorced,63998,0,0,12/20/2013,42,176,29,818,0,33,112,1,7,6,11,4,0,0,0,0,0,0,3,11,1
2894,1985,Graduation,Single,72903,0,0,10/29/2013,74,1067,138,750,0,19,39,1,7,5,8,4,0,1,1,1,0,0,3,11,1
8015,1962,PhD,Divorced,85696,0,0,5/3/2013,88,714,76,395,116,0,12,1,4,6,9,1,0,0,0,0,0,0,3,11,1
749,1981,Graduation,Together,42162,1,0,11/19/2013,31,46,7,59,2,4,27,2,3,1,3,6,1,0,0,0,0,0,3,11,1
10525,1986,Graduation,Single,26576,1,0,10/13/2012,40,10,0,8,0,0,9,1,1,0,2,9,1,0,0,0,0,0,3,11,1
5031,1974,Graduation,Together,83145,0,0,9/22/2012,14,777,35,731,39,137,114,1,5,9,11,2,0,0,1,0,0,0,3,11,1
967,1976,Graduation,Married,46049,1,1,7/21/2013,11,342,9,112,19,14,19,10,5,2,9,7,0,0,0,0,0,0,3,11,1
1829,1961,PhD,Divorced,54959,0,1,1/19/2013,55,1148,0,60,0,0,24,3,9,5,4,7,0,1,0,0,0,0,3,11,1
590,1970,Master,Divorced,78579,0,0,12/22/2012,35,816,66,549,216,66,99,1,5,6,4,3,0,0,0,0,0,0,3,11,1
8732,1969,Master,Widow,67369,0,1,11/17/2012,81,1298,0,70,37,14,42,4,7,4,10,4,0,1,1,0,0,0,3,11,1
234,1979,Graduation,Divorced,15287,1,0,10/10/2012,60,1,2,8,4,3,13,2,1,1,2,7,1,0,0,0,0,0,3,11,1
1506,1975,Graduation,Single,42160,1,1,6/28/2013,26,48,9,45,3,15,20,4,2,1,4,6,0,0,0,0,0,0,3,11,1
7736,1986,Graduation,Married,22518,1,0,10/22/2012,36,11,7,12,2,2,27,2,2,1,2,5,1,0,0,0,0,0,3,11,1
9606,1965,PhD,Married,69969,0,0,8/27/2013,64,882,29,514,38,29,44,1,4,2,6,3,0,0,1,1,0,0,3,11,1
5153,1967,PhD,Married,77766,0,1,2/22/2013,97,1004,59,265,115,59,27,2,11,10,11,6,1,0,0,0,0,0,3,11,1
6653,1970,PhD,Married,55158,1,1,7/30/2012,72,293,0,87,4,11,23,4,7,2,5,7,0,0,0,0,0,0,3,11,1
9094,1955,2n Cycle,Married,62972,0,1,8/3/2012,39,313,15,47,20,0,192,2,7,4,3,6,0,0,0,0,0,0,3,11,1
3979,1983,PhD,Divorced,90687,0,0,5/22/2013,98,982,17,672,23,34,51,1,6,2,8,2,0,0,1,0,0,0,3,11,1
1857,1952,Graduation,Single,47139,1,1,3/6/2014,2,46,0,12,0,2,23,2,2,1,2,7,0,0,0,0,0,0,3,11,1
3910,1975,Graduation,Divorced,83829,0,0,10/8/2013,78,897,161,430,186,161,27,0,4,7,6,1,1,0,1,1,0,0,3,11,1
5207,1963,PhD,Married,53378,1,1,9/24/2012,41,489,6,152,8,6,132,10,9,4,6,8,0,0,0,0,0,0,3,11,1
195,1972,Graduation,Single,38808,1,0,8/26/2012,21,125,17,52,3,19,30,4,5,1,4,8,1,0,0,0,0,0,3,11,1
3698,1983,Graduation,Together,78687,0,0,8/9/2012,13,817,185,687,145,55,241,1,4,6,8,2,0,0,1,0,0,0,3,11,1
9516,1971,2n Cycle,Divorced,49118,0,0,8/18/2012,90,620,54,239,99,98,119,2,9,7,10,7,0,1,0,0,1,0,3,11,1
339,1972,PhD,Married,57091,0,1,11/23/2012,82,462,0,24,6,0,4,2,9,2,5,7,0,1,0,0,0,0,3,11,1
9010,1972,Master,Married,83151,0,0,2/10/2013,80,968,147,842,137,42,210,1,5,7,10,2,1,0,1,1,0,0,3,11,1
1577,1946,Graduation,Married,78569,0,0,2/19/2014,14,558,79,622,207,175,95,1,4,6,4,1,0,0,1,0,0,0,3,11,1
6024,1953,Graduation,Together,94384,0,0,3/4/2013,62,1111,24,790,160,45,172,0,5,8,5,2,0,1,1,1,0,0,3,11,1
5758,1982,Graduation,Married,65169,0,0,1/14/2014,23,1074,0,69,0,0,46,1,10,4,13,6,1,0,1,1,1,0,3,11,1
10971,1977,Graduation,Single,37774,2,0,9/3/2012,28,173,8,107,7,2,176,4,7,2,3,9,1,0,0,0,0,1,3,11,1
158,1945,PhD,Together,71604,0,0,11/17/2013,3,345,53,528,98,75,97,1,8,3,5,4,1,0,0,0,0,0,3,11,1
5621,1969,Graduation,Married,48752,1,1,12/12/2012,8,73,57,100,71,15,0,5,6,1,5,9,0,0,0,0,0,0,3,11,1
2535,1978,Master,Married,88097,1,0,8/18/2012,24,163,0,480,0,126,75,1,6,5,8,9,0,1,1,1,0,0,3,11,1
942,1982,Graduation,Single,39660,1,0,8/8/2012,36,139,13,78,20,13,36,3,7,1,3,9,0,0,0,0,0,0,3,11,1
873,1949,Master,Married,62845,1,1,10/1/2012,3,1099,0,45,0,0,34,11,3,4,10,8,0,1,0,0,0,0,3,11,1
1745,1962,PhD,Divorced,85696,0,0,5/3/2013,88,714,76,395,116,0,12,1,4,6,9,1,0,0,0,0,0,0,3,11,1
5080,1993,Graduation,Single,70515,0,0,10/21/2013,12,420,0,452,182,64,140,1,6,6,4,2,0,0,0,0,0,0,3,11,1
2407,1982,Graduation,Married,69109,0,0,11/9/2012,10,823,25,459,124,29,95,1,6,6,7,4,0,0,1,0,0,0,3,11,1
2674,1958,Master,Single,75154,0,1,9/4/2012,79,543,10,205,160,143,82,1,6,3,6,3,0,0,0,0,0,0,3,11,1
6770,1985,Graduation,Married,21355,1,0,8/20/2013,5,5,13,14,0,5,31,2,2,1,2,6,1,0,0,0,0,0,3,11,1
4188,1957,Graduation,Single,36864,0,1,8/13/2012,53,204,5,39,17,0,89,3,5,2,4,8,0,0,0,0,0,0,3,11,1
10010,1953,PhD,Divorced,36957,1,1,9/6/2012,43,100,2,16,2,1,31,4,3,2,2,9,0,0,0,0,0,0,3,11,1
9121,1972,Graduation,Married,80134,1,0,5/20/2013,40,1218,16,272,104,0,80,2,5,3,6,6,0,1,1,1,0,0,3,11,1
4310,1944,Graduation,Married,80589,0,0,1/22/2014,25,507,93,520,242,40,26,1,5,10,5,1,0,0,0,1,0,0,3,11,1
6856,1979,Graduation,Together,21645,1,0,9/3/2012,75,14,0,23,4,5,19,3,3,0,3,9,0,0,0,0,0,0,3,11,1
4530,1948,Master,Widow,78427,0,0,10/24/2012,36,972,19,595,180,26,138,3,3,7,10,3,0,0,0,1,0,0,3,11,1
6246,1953,Graduation,Single,73892,0,0,11/13/2013,40,703,102,601,0,58,43,1,3,11,8,1,0,0,0,0,0,0,3,11,1
4042,1971,Graduation,Divorced,43300,0,1,10/13/2012,87,91,3,52,2,1,31,3,4,0,4,8,0,0,0,0,0,0,3,11,1
10133,1970,Graduation,Single,93790,0,0,2/12/2014,16,1302,68,731,89,114,45,0,6,7,12,2,0,1,1,1,0,0,3,11,1
2525,1974,PhD,Married,38410,0,0,9/14/2012,65,153,64,123,116,64,14,2,5,2,9,6,0,0,0,0,0,0,3,11,1
4070,1969,PhD,Married,94871,0,2,9/1/2012,99,169,24,553,188,0,144,1,8,5,4,7,0,1,1,0,0,0,3,11,1
3478,1971,PhD,Married,60585,1,1,6/24/2013,17,267,42,309,55,42,21,10,7,4,9,5,0,0,0,0,0,0,3,11,1
1763,1988,Graduation,Together,87679,0,0,7/27/2013,62,1259,172,815,97,148,33,1,7,11,10,4,1,0,1,1,0,0,3,11,1
2072,1969,PhD,Together,53374,0,1,8/16/2012,34,896,10,101,13,10,34,6,4,2,9,9,1,0,0,0,0,0,3,11,1
3340,1977,Graduation,Married,42014,1,0,8/17/2012,56,244,15,108,4,15,50,6,7,1,6,8,0,0,0,0,0,0,3,11,1
3584,1955,PhD,Single,49667,0,0,8/20/2012,35,1181,26,120,17,13,39,2,5,10,5,8,1,0,0,0,0,0,3,11,1
3865,1977,2n Cycle,Together,20981,0,0,4/30/2013,14,2,12,10,6,13,30,1,3,1,2,8,0,0,0,0,0,0,3,11,1
3887,1970,Graduation,Single,27242,1,0,11/11/2012,2,3,17,26,20,1,39,2,2,0,3,9,0,0,0,0,0,0,3,11,1
4278,1983,PhD,Single,87188,0,0,6/3/2013,73,910,111,724,49,74,55,1,10,2,6,3,0,0,0,0,0,0,3,11,1
830,1987,PhD,Single,74004,0,0,2/24/2014,5,784,48,560,42,176,48,1,4,6,4,3,0,0,1,1,0,0,3,11,1
2804,1975,Master,Single,46098,1,1,8/18/2012,86,57,0,27,0,0,36,4,3,2,2,8,0,0,0,0,0,0,3,11,1
10530,1959,PhD,Widow,67786,0,0,12/7/2013,0,431,82,441,80,20,102,1,3,6,6,1,0,0,0,0,0,0,3,11,1
5636,1963,Graduation,Single,30983,0,0,11/9/2012,50,51,4,50,12,1,49,1,4,0,3,8,0,0,0,0,0,0,3,11,1
955,1962,Master,Together,47175,1,1,10/28/2012,81,167,2,44,6,2,19,7,4,2,4,8,1,0,0,0,0,0,3,11,1
10478,1950,PhD,Married,55517,1,1,9/27/2012,53,483,0,108,0,6,36,5,11,1,6,9,0,0,0,0,0,0,3,11,1
4261,1946,PhD,Single,82800,0,0,11/24/2012,23,1006,22,115,59,68,45,1,7,6,12,3,0,0,1,1,0,0,3,11,1
5350,1991,Master,Single,90638,0,0,2/13/2014,29,1156,120,915,94,144,96,1,3,4,10,1,0,0,1,0,0,0,3,11,1
8685,1977,Graduation,Married,42014,1,0,8/17/2012,56,244,15,108,4,15,50,6,7,1,6,8,0,0,0,0,0,0,3,11,1
2130,1982,Graduation,Together,45203,2,0,3/23/2014,4,35,3,67,10,8,24,1,3,1,3,6,0,0,0,0,0,0,3,11,1
4608,1987,Graduation,Divorced,81361,0,0,2/25/2014,18,163,23,424,27,65,76,1,3,10,13,1,0,0,0,0,0,0,3,11,1
1626,1973,PhD,Divorced,35860,1,1,5/19/2014,37,15,0,8,4,2,20,2,1,1,2,5,1,0,0,0,0,0,3,11,1
4764,1952,Master,Together,40442,1,1,8/19/2012,52,45,12,52,25,22,13,4,3,1,4,7,0,0,0,0,0,0,3,11,1
1041,1973,PhD,Single,48432,0,1,10/18/2012,3,322,3,50,4,3,42,5,7,1,6,8,0,0,0,0,0,0,3,11,1
9242,1990,Graduation,Single,64509,0,0,8/17/2013,19,836,185,575,24,25,77,1,6,3,9,4,1,0,0,0,0,0,3,11,1
6215,1977,Graduation,Married,31353,1,1,12/29/2013,24,10,0,10,3,1,7,2,1,1,2,8,0,0,0,0,0,0,3,11,1
9986,1982,Graduation,Together,19444,1,0,2/22/2014,8,16,0,23,3,2,10,3,4,1,2,7,0,0,0,0,0,0,3,11,1
1665,1964,PhD,Divorced,64140,0,2,9/23/2013,71,1459,0,61,0,15,215,5,2,5,6,5,1,0,1,0,1,0,3,11,1
6409,1967,Graduation,Divorced,57136,0,0,5/18/2013,18,267,140,599,34,12,127,1,7,5,7,6,0,0,0,0,0,0,3,11,1
8395,1961,Graduation,Single,82014,0,0,8/20/2012,48,980,37,265,35,163,31,1,3,6,12,6,0,0,0,0,0,0,3,11,1
10352,1963,Graduation,Widow,34213,1,1,9/7/2012,2,50,4,28,6,3,26,3,3,1,2,9,0,0,0,0,0,0,3,11,1
2781,1981,Graduation,Single,72066,0,0,6/23/2014,55,1003,34,536,134,51,34,1,4,6,6,2,0,0,1,1,0,0,3,11,1
4127,1967,PhD,Married,77766,0,1,2/22/2013,97,1004,59,265,115,59,27,2,11,10,11,6,1,0,0,0,0,0,3,11,1
8143,1985,PhD,Single,37929,0,0,7/30/2013,49,202,2,46,3,2,10,2,4,2,5,7,0,1,0,1,0,0,3,11,1
3690,1986,Master,Married,80141,0,0,1/11/2013,20,1184,102,673,52,40,40,1,7,4,10,6,0,0,1,0,0,0,3,11,1
1891,1980,Master,Divorced,78789,0,0,8/8/2012,12,667,50,850,21,83,83,1,4,6,5,2,0,0,0,0,0,0,3,11,1
2570,1968,Graduation,Together,56534,0,1,7/23/2013,35,691,7,61,10,0,46,4,10,4,7,8,0,1,0,0,1,0,3,11,1
7349,1973,Basic,Together,9722,1,0,10/2/2012,7,6,17,16,6,16,42,4,3,1,3,8,0,0,0,0,0,0,3,11,1
477,1986,Graduation,Married,83512,0,0,6/17/2014,31,1060,61,835,80,20,101,1,4,7,10,1,1,0,1,1,1,0,3,11,1
7832,1959,Master,Married,77520,0,1,8/28/2013,30,940,44,396,0,88,58,1,8,7,7,4,1,0,1,1,0,0,3,11,1
3498,1976,PhD,Married,55424,0,1,11/25/2012,6,462,61,184,10,53,107,4,7,5,9,6,1,0,0,0,0,0,3,11,1
1172,1983,PhD,Married,92491,0,0,5/1/2013,71,979,44,935,29,25,22,1,7,5,12,3,0,1,1,1,0,0,3,11,1
569,1991,Graduation,Single,90273,0,0,12/14/2013,32,704,129,853,120,74,111,1,5,6,7,2,0,1,1,1,0,0,3,11,1
1381,1982,PhD,Single,38513,1,0,1/28/2014,20,172,3,115,16,0,18,5,6,1,5,8,0,0,0,0,0,0,3,11,1
2634,1979,Master,Single,16653,1,0,4/18/2014,10,5,7,31,15,4,7,3,2,1,3,6,0,0,0,0,0,0,3,11,1
10905,1955,Graduation,Together,42586,1,1,10/29/2012,7,194,2,56,0,0,0,5,4,1,6,8,0,0,0,0,0,0,3,11,1
263,1945,PhD,Single,45576,0,0,5/28/2014,9,56,19,29,2,14,25,1,3,1,3,8,0,0,0,0,0,0,3,11,1
10814,1947,Graduation,Together,70321,0,0,1/16/2013,6,303,23,751,82,26,191,1,6,5,13,4,0,0,0,0,0,0,3,11,1
3571,1961,PhD,Together,63342,0,1,10/16/2012,48,918,21,118,13,10,21,3,8,3,5,6,0,1,0,0,0,0,3,11,1
5092,1949,PhD,Widow,51569,0,1,2/12/2013,39,380,0,47,6,0,34,4,7,1,7,8,0,1,0,0,0,0,3,11,1
3524,1971,Master,Single,39763,1,0,8/4/2013,9,80,1,60,4,6,16,2,5,1,2,9,0,0,0,0,0,0,3,11,1
5093,1974,PhD,Divorced,25509,1,0,9/18/2012,15,40,3,30,10,7,11,3,3,0,3,9,0,0,0,0,0,0,3,11,1
8910,1955,Graduation,Together,42586,1,1,10/29/2012,7,194,2,56,0,0,0,5,4,1,6,8,0,0,0,0,0,0,3,11,1
7261,1971,Graduation,Together,34600,1,1,1/1/2013,8,199,33,60,8,3,15,5,5,2,5,8,0,0,0,0,0,0,3,11,1
4168,1966,Graduation,Single,37070,1,1,3/20/2013,30,231,7,137,4,15,39,9,5,1,8,7,0,0,0,0,0,0,3,11,1
1619,1956,Graduation,Married,90369,0,0,4/28/2014,2,292,51,981,224,23,17,1,4,6,6,1,0,0,0,0,0,0,3,11,1
10057,1951,Graduation,Single,72282,0,0,7/19/2013,70,503,27,419,90,139,153,1,5,7,9,7,0,0,0,0,0,0,3,11,1
5302,1986,Graduation,Together,78394,0,0,2/15/2013,13,298,27,697,216,24,166,1,4,6,5,2,0,0,0,0,0,0,3,11,1
1087,1975,Master,Together,22669,1,0,5/22/2013,30,16,14,36,37,22,48,3,4,1,2,9,0,0,0,0,0,0,3,11,1
10521,1977,Graduation,Married,54809,1,1,9/11/2013,0,63,6,57,13,13,22,4,2,1,5,4,0,0,0,0,0,0,3,11,1
531,1954,PhD,Divorced,57333,0,1,9/22/2012,55,941,14,397,76,58,176,11,8,5,9,6,0,0,0,0,0,0,3,11,1
6906,1953,Master,Widow,84953,0,0,6/3/2013,73,167,48,602,63,72,72,1,3,10,4,2,0,1,1,1,0,0,3,11,1
7872,1975,PhD,Married,86836,0,0,9/12/2012,7,179,21,273,0,21,63,1,6,10,6,5,1,0,1,1,0,0,3,11,1
4427,1995,2n Cycle,Single,83257,0,0,9/18/2012,56,536,27,590,38,107,67,1,5,10,12,6,1,0,1,0,0,1,3,11,1
9595,1961,Graduation,Together,64260,0,0,1/11/2013,1,539,169,816,20,0,30,1,4,5,4,3,0,0,0,0,0,0,3,11,1
10163,1984,PhD,Single,82733,0,0,9/10/2013,28,712,50,420,65,38,38,1,8,4,7,4,0,0,0,0,0,0,3,11,1
9064,1982,Graduation,Married,69109,0,0,11/9/2012,10,823,25,459,124,29,95,1,6,6,7,4,0,0,1,0,0,0,3,11,1
3678,1973,Graduation,Widow,60208,1,1,10/7/2012,13,488,23,71,15,0,59,11,8,3,7,7,0,1,0,0,0,0,3,11,1
2186,1977,2n Cycle,Together,82326,0,0,3/10/2014,30,938,142,754,159,81,183,1,5,10,6,2,0,1,1,1,0,0,3,11,1
3766,1959,Master,Widow,33051,0,0,8/16/2012,15,100,71,243,108,94,219,3,9,1,8,9,0,0,0,0,0,0,3,11,1
3074,1984,PhD,Married,70643,0,0,10/15/2012,66,1218,107,304,23,143,33,1,5,8,4,6,0,0,0,0,0,0,3,11,1
8341,1969,PhD,Married,30396,1,0,4/30/2014,22,15,0,6,0,1,12,2,1,1,2,7,1,0,0,0,0,0,3,11,1
5113,1971,PhD,Divorced,86979,0,0,11/7/2013,67,584,100,835,65,83,35,1,5,5,5,2,1,0,0,0,0,0,3,11,1
5831,1967,Graduation,Married,77870,0,1,8/22/2012,93,1017,50,500,65,50,133,3,5,5,5,8,0,1,0,1,0,0,3,11,1
10176,1968,Graduation,Single,57107,0,1,8/24/2012,44,159,0,120,0,0,137,7,4,4,8,8,0,1,0,0,1,0,3,11,1
3138,1956,Graduation,Single,91249,0,0,10/20/2012,84,1324,27,119,71,108,27,0,7,9,6,4,0,1,1,1,1,0,3,11,1
1867,1957,Graduation,Single,64849,0,0,11/13/2012,42,652,48,350,94,84,108,1,9,3,6,5,0,0,0,0,0,0,3,11,1
4827,1956,PhD,Single,54998,0,1,3/10/2013,3,154,22,202,39,30,8,5,4,2,9,4,0,0,0,0,0,0,3,11,1
6250,1949,PhD,Widow,54356,0,1,11/19/2012,62,710,15,30,20,0,0,3,11,2,8,8,0,0,0,0,0,0,3,11,1
1139,1984,PhD,Married,73356,0,0,2/6/2014,56,1050,14,322,0,14,112,1,5,11,5,2,1,0,1,1,0,0,3,11,1
10676,1982,Graduation,Married,63211,0,0,11/2/2012,3,145,193,459,205,26,145,2,3,8,7,2,0,0,0,0,0,0,3,11,1
7919,1976,PhD,Together,72335,0,0,8/13/2012,2,1285,105,653,28,21,0,1,10,4,8,8,0,0,0,0,0,0,3,11,1
2109,1990,Graduation,Single,96843,0,0,4/23/2013,60,448,71,951,40,17,17,1,6,11,10,2,0,0,1,0,0,0,3,11,1
3009,1962,PhD,Widow,71670,0,0,7/9/2013,8,1462,16,128,0,0,160,1,5,3,6,6,0,1,1,0,1,0,3,11,1
3517,1952,Graduation,Single,40887,1,1,5/6/2013,32,50,4,44,10,10,43,3,3,1,3,9,0,0,0,0,0,0,3,11,1
8537,1949,Graduation,Widow,72643,0,0,2/27/2013,60,526,80,553,123,94,53,1,3,10,7,2,0,0,0,1,0,0,3,11,1
2452,1971,Graduation,Together,34600,1,1,1/1/2013,8,199,33,60,8,3,15,5,5,2,5,8,0,0,0,0,0,0,3,11,1
9289,1979,Graduation,Married,36781,1,0,4/10/2014,16,29,1,17,0,3,13,1,2,1,2,8,0,0,0,0,0,0,3,11,1
10913,1984,Master,Single,31385,1,0,12/5/2012,56,3,2,12,0,1,9,1,1,0,2,8,1,0,0,0,0,0,3,11,1
8524,1974,PhD,Divorced,25509,1,0,9/18/2012,15,40,3,30,10,7,11,3,3,0,3,9,0,0,0,0,0,0,3,11,1
10949,1963,PhD,Divorced,72968,0,0,12/16/2013,8,1092,37,592,145,37,55,1,5,5,8,3,0,0,0,1,0,0,3,11,1
6248,1947,Master,Single,91712,0,0,10/17/2013,47,1276,24,746,94,29,48,0,9,7,11,3,0,0,1,0,0,0,3,11,1
6815,1980,2n Cycle,Married,96547,0,0,5/23/2014,4,448,21,125,52,101,62,0,7,6,8,2,1,0,1,1,0,0,3,11,1
4122,1975,Graduation,Married,79205,0,0,8/29/2012,73,504,23,117,179,28,44,1,6,5,4,4,0,0,0,1,0,0,3,11,1
4023,1970,Graduation,Married,22979,1,0,9/6/2012,29,16,17,19,20,21,22,3,3,2,2,8,0,0,0,0,0,0,3,11,1
500,1977,Graduation,Together,96876,0,0,8/6/2013,79,908,43,735,40,194,21,1,7,7,9,2,0,1,1,1,0,0,3,11,1
3262,1958,Graduation,Single,68281,0,0,8/7/2012,31,995,112,417,42,48,41,1,2,9,13,5,0,0,0,0,0,0,3,11,1
7042,1983,Graduation,Married,36790,0,0,3/1/2013,14,3,3,14,15,21,10,1,2,1,2,9,0,0,0,0,0,0,3,11,1
9323,1949,Master,Together,49912,0,1,9/7/2012,5,520,8,223,32,49,42,4,10,5,7,8,1,0,0,0,0,0,3,11,1
3945,1947,PhD,Widow,68117,0,1,3/10/2013,80,618,44,215,0,17,36,2,11,8,4,6,1,0,0,0,0,0,3,11,1
3507,1970,Graduation,Single,76467,1,0,8/17/2012,44,676,161,426,210,44,58,2,2,5,5,6,0,0,0,0,0,0,3,11,1
10643,1987,PhD,Single,42000,0,0,1/10/2013,23,124,83,267,85,59,35,2,5,2,11,5,0,0,0,0,0,0,3,11,1
10281,1970,Graduation,Divorced,64713,1,0,2/7/2014,11,180,60,241,13,54,54,2,5,5,7,4,0,0,0,0,0,0,3,11,1
5250,1943,Master,Widow,,0,0,10/30/2013,75,532,126,490,164,126,126,1,5,5,11,1,0,0,1,0,0,0,3,11,1
4865,1974,Master,Divorced,53367,1,1,8/31/2013,2,229,7,140,10,3,11,7,5,1,8,7,0,0,0,0,0,0,3,11,1
7734,1993,Graduation,Absurd,79244,0,0,12/19/2012,58,471,102,125,212,61,245,1,4,10,7,1,0,0,1,1,0,0,3,11,1
1146,1949,Master,Together,49912,0,1,9/7/2012,5,520,8,223,32,49,42,4,10,5,7,8,1,0,0,0,0,0,3,11,1
1103,1976,Master,Married,81929,1,0,9/29/2012,60,1486,55,278,49,0,185,2,4,4,10,6,1,0,1,0,0,0,3,11,1
1241,1984,2n Cycle,Married,14796,1,0,9/17/2012,1,13,3,8,7,4,16,2,1,0,3,9,0,0,0,0,0,0,3,11,1
340,1970,Graduation,Divorced,72967,0,1,12/15/2012,1,158,35,179,0,0,125,2,7,2,8,5,1,0,0,0,0,0,3,11,1
3104,1961,Graduation,Single,82332,0,0,9/17/2012,89,830,59,968,51,79,19,1,5,3,12,2,0,0,1,0,0,0,3,11,1
6292,1986,PhD,Married,82333,0,0,3/30/2013,60,1311,0,359,46,89,17,1,4,3,10,2,0,0,1,0,0,0,3,11,1
1631,1965,PhD,Together,65220,0,0,9/3/2012,3,890,63,292,0,25,12,4,8,4,7,6,0,0,0,0,0,0,3,11,1
3919,1976,Master,Single,72309,0,0,3/11/2013,64,960,0,883,50,38,0,1,5,6,8,3,0,0,0,1,0,0,3,11,1
2715,1966,Master,Divorced,29435,1,1,8/6/2012,11,70,3,37,4,2,64,4,3,2,2,9,0,0,0,0,0,0,3,11,1
9790,1957,Graduation,Single,78499,0,0,11/23/2013,12,912,72,170,47,36,97,1,11,3,4,4,0,0,1,0,0,0,3,11,1
5667,1964,PhD,Married,60896,0,1,10/11/2012,90,1013,30,399,60,46,153,3,9,10,4,6,0,0,0,0,0,0,3,11,1
3520,1990,Master,Single,91172,0,0,3/27/2013,94,162,28,818,0,28,56,0,4,3,7,3,1,0,1,1,1,0,3,11,1
3968,1970,2n Cycle,Divorced,65706,0,0,6/28/2013,77,918,10,129,13,0,129,1,11,3,12,7,0,1,1,0,1,0,3,11,1
1772,1975,PhD,Married,79174,0,0,1/11/2013,2,1074,37,518,193,92,129,1,5,6,7,2,0,0,1,1,0,0,3,11,1
4418,1983,Master,Single,89616,0,0,2/25/2013,36,671,47,655,145,111,15,1,7,5,12,2,0,0,0,0,0,0,3,11,1
8722,1957,2n Cycle,Married,82347,0,0,11/6/2012,38,556,54,845,202,133,63,1,7,7,10,3,1,0,0,1,0,0,3,11,1
7118,1957,Graduation,Married,73803,0,1,8/1/2012,61,833,80,363,52,26,174,2,9,5,6,6,1,0,0,0,0,0,3,11,1
2632,1954,Graduation,Married,50501,1,1,6/18/2013,10,297,0,38,13,0,152,7,5,4,4,6,1,0,0,0,0,0,3,11,1
11133,1973,PhD,YOLO,48432,0,1,10/18/2012,3,322,3,50,4,3,42,5,7,1,6,8,0,0,0,0,0,0,3,11,1
7366,1982,Master,Single,75777,0,0,7/4/2013,12,712,26,538,69,13,80,1,3,6,11,1,0,1,1,0,0,0,3,11,1
9405,1954,PhD,Married,52869,1,1,10/15/2012,40,84,3,61,2,1,21,3,3,1,4,7,0,0,0,0,0,0,3,11,1
