customer_id,response
CS1112,0
CS1113,0
CS1114,1
CS1115,1
CS1116,1
CS1117,0
CS1118,1
CS1119,0
CS1120,0
CS1121,0
CS1122,0
CS1123,0
CS1124,0
CS1125,0
CS1126,0
CS1127,0
CS1128,0
CS1129,0
CS1130,0
CS1131,0
CS1132,0
CS1133,0
CS1134,0
CS1135,1
CS1136,0
CS1137,0
CS1138,0
CS1139,0
CS1140,0
CS1141,1
CS1142,1
CS1143,1
CS1144,0
CS1145,1
CS1146,0
CS1147,0
CS1148,1
CS1149,0
CS1150,0
CS1151,0
CS1152,0
CS1153,0
CS1154,0
CS1155,0
CS1156,0
CS1157,0
CS1158,0
CS1159,0
CS1160,1
CS1161,0
CS1162,0
CS1163,0
CS1164,0
CS1165,0
CS1166,0
CS1167,1
CS1168,0
CS1169,0
CS1170,0
CS1171,0
CS1172,1
CS1173,1
CS1174,0
CS1175,0
CS1176,0
CS1177,0
CS1178,0
CS1179,0
CS1180,0
CS1181,0
CS1182,1
CS1183,0
CS1184,0
CS1185,0
CS1186,0
CS1187,0
CS1188,0
CS1189,0
CS1190,0
CS1191,1
CS1192,0
CS1193,0
CS1194,0
CS1195,0
CS1196,0
CS1197,0
CS1198,0
CS1199,0
CS1200,0
CS1201,0
CS1202,0
CS1203,1
CS1204,0
CS1205,0
CS1206,0
CS1207,0
CS1208,0
CS1209,0
CS1210,0
CS1211,0
CS1212,0
CS1213,0
CS1214,0
CS1215,0
CS1216,0
CS1217,0
CS1218,0
CS1219,0
CS1220,0
CS1221,0
CS1222,0
CS1223,0
CS1224,0
CS1225,0
CS1226,0
CS1227,0
CS1228,0
CS1229,0
CS1230,0
CS1231,0
CS1232,0
CS1233,1
CS1234,0
CS1235,1
CS1236,0
CS1237,0
CS1238,0
CS1239,0
CS1240,0
CS1241,0
CS1242,0
CS1243,0
CS1244,0
CS1245,0
CS1246,0
CS1247,1
CS1248,0
CS1249,0
CS1250,0
CS1251,0
CS1252,0
CS1253,1
CS1254,0
CS1255,0
CS1256,0
CS1257,0
CS1258,0
CS1259,1
CS1260,0
CS1261,0
CS1262,0
CS1263,0
CS1264,0
CS1265,0
CS1266,0
CS1267,0
CS1268,0
CS1269,0
CS1270,0
CS1271,0
CS1272,0
CS1273,0
CS1274,0
CS1275,0
CS1276,0
CS1277,0
CS1278,0
CS1279,0
CS1280,0
CS1281,0
CS1282,0
CS1283,0
CS1284,0
CS1285,0
CS1286,1
CS1287,0
CS1288,0
CS1289,0
CS1290,0
CS1291,0
CS1292,0
CS1293,1
CS1294,0
CS1295,0
CS1296,0
CS1297,0
CS1298,0
CS1299,1
CS1300,0
CS1301,0
CS1302,0
CS1303,1
CS1304,0
CS1305,0
CS1306,0
CS1307,0
CS1308,0
CS1309,0
CS1310,1
CS1311,0
CS1312,1
CS1313,0
CS1314,0
CS1315,0
CS1316,0
CS1317,0
CS1318,0
CS1319,0
CS1320,0
CS1321,0
CS1322,0
CS1323,0
CS1324,1
CS1325,0
CS1326,0
CS1327,0
CS1328,0
CS1329,0
CS1330,0
CS1331,0
CS1332,0
CS1333,0
CS1334,0
CS1335,0
CS1336,0
CS1337,0
CS1338,0
CS1339,0
CS1340,0
CS1341,0
CS1342,0
CS1343,0
CS1344,1
CS1345,0
CS1346,0
CS1347,0
CS1348,0
CS1349,0
CS1350,1
CS1351,0
CS1352,0
CS1353,0
CS1354,0
CS1355,1
CS1356,0
CS1357,0
CS1358,0
CS1359,0
CS1360,0
CS1361,0
CS1362,0
CS1363,0
CS1364,0
CS1365,0
CS1366,0
CS1367,0
CS1368,0
CS1369,0
CS1370,1
CS1371,0
CS1372,1
CS1373,0
CS1374,0
CS1375,0
CS1376,0
CS1377,0
CS1378,0
CS1379,0
CS1380,0
CS1381,0
CS1382,0
CS1383,0
CS1384,0
CS1385,1
CS1386,0
CS1387,0
CS1388,0
CS1389,0
CS1390,0
CS1391,0
CS1392,0
CS1393,1
CS1394,0
CS1395,0
CS1396,0
CS1397,0
CS1398,1
CS1399,1
CS1400,1
CS1401,0
CS1402,0
CS1403,1
CS1404,0
CS1405,0
CS1406,0
CS1407,1
CS1408,0
CS1409,0
CS1410,0
CS1411,0
CS1412,1
CS1413,0
CS1414,0
CS1415,0
CS1416,0
CS1417,0
CS1418,0
CS1419,0
CS1420,1
CS1421,0
CS1422,0
CS1423,0
CS1424,0
CS1425,0
CS1426,0
CS1427,0
CS1428,1
CS1429,0
CS1430,0
CS1431,0
CS1432,0
CS1433,0
CS1434,0
CS1435,0
CS1436,0
CS1437,0
CS1438,0
CS1439,0
CS1440,0
CS1441,0
CS1442,0
CS1443,1
CS1444,0
CS1445,0
CS1446,0
CS1447,0
CS1448,0
CS1449,0
CS1450,0
CS1451,0
CS1452,0
CS1453,0
CS1454,0
CS1455,0
CS1456,0
CS1457,0
CS1458,0
CS1459,1
CS1460,0
CS1461,0
CS1462,1
CS1463,0
CS1464,0
CS1465,0
CS1466,0
CS1467,0
CS1468,0
CS1469,0
CS1470,0
CS1471,0
CS1472,0
CS1473,1
CS1474,0
CS1475,0
CS1476,0
CS1477,0
CS1478,0
CS1479,0
CS1480,0
CS1481,0
CS1482,0
CS1483,0
CS1484,0
CS1485,0
CS1486,0
CS1487,0
CS1488,0
CS1489,0
CS1490,0
CS1491,0
CS1492,0
CS1493,0
CS1494,0
CS1495,0
CS1496,0
CS1497,0
CS1498,0
CS1499,0
CS1500,0
CS1501,0
CS1502,0
CS1503,0
CS1504,0
CS1505,0
CS1506,0
CS1507,0
CS1508,0
CS1509,0
CS1510,0
CS1511,0
CS1512,0
CS1513,0
CS1514,0
CS1515,0
CS1516,0
CS1517,0
CS1518,0
CS1519,0
CS1520,0
CS1521,0
CS1522,0
CS1523,0
CS1524,0
CS1525,0
CS1526,0
CS1527,0
CS1528,0
CS1529,0
CS1530,0
CS1531,0
CS1532,0
CS1533,0
CS1534,0
CS1535,0
CS1536,0
CS1537,0
CS1538,0
CS1539,1
CS1540,0
CS1541,1
CS1542,0
CS1543,0
CS1544,1
CS1545,0
CS1546,0
CS1547,0
CS1548,0
CS1549,0
CS1550,0
CS1551,0
CS1552,0
CS1553,1
CS1554,0
CS1555,0
CS1556,0
CS1557,0
CS1558,0
CS1559,0
CS1560,0
CS1561,0
CS1562,0
CS1563,0
CS1564,0
CS1565,0
CS1566,1
CS1567,1
CS1568,0
CS1569,0
CS1570,0
CS1571,0
CS1572,0
CS1573,0
CS1574,0
CS1575,0
CS1576,0
CS1577,0
CS1578,0
CS1579,0
CS1580,1
CS1581,0
CS1582,1
CS1583,0
CS1584,0
CS1585,0
CS1586,0
CS1587,0
CS1588,0
CS1589,0
CS1590,0
CS1591,0
CS1592,0
CS1593,0
CS1594,0
CS1595,0
CS1596,0
CS1597,0
CS1598,0
CS1599,0
CS1600,0
CS1601,0
CS1602,0
CS1603,0
CS1604,0
CS1605,0
CS1606,0
CS1607,0
CS1608,0
CS1609,0
CS1610,0
CS1611,0
CS1612,0
CS1613,0
CS1614,0
CS1615,1
CS1616,0
CS1617,0
CS1618,0
CS1619,1
CS1620,0
CS1621,0
CS1622,1
CS1623,0
CS1624,0
CS1625,0
CS1626,0
CS1627,0
CS1628,0
CS1629,0
CS1630,0
CS1631,0
CS1632,0
CS1633,0
CS1634,0
CS1635,1
CS1636,0
CS1637,0
CS1638,0
CS1639,0
CS1640,0
CS1641,0
CS1642,0
CS1643,0
CS1644,0
CS1645,0
CS1646,0
CS1647,0
CS1648,0
CS1649,0
CS1650,1
CS1651,0
CS1652,0
CS1653,1
CS1654,0
CS1655,0
CS1656,0
CS1657,0
CS1658,0
CS1659,0
CS1660,0
CS1661,1
CS1662,0
CS1663,1
CS1664,0
CS1665,0
CS1666,0
CS1667,0
CS1668,0
CS1669,1
CS1670,0
CS1671,1
CS1672,0
CS1673,0
CS1674,0
CS1675,0
CS1676,1
CS1677,1
CS1678,0
CS1679,0
CS1680,0
CS1681,0
CS1682,0
CS1683,0
CS1684,0
CS1685,0
CS1686,0
CS1687,0
CS1688,0
CS1689,1
CS1690,0
CS1691,1
CS1692,0
CS1693,0
CS1694,0
CS1695,0
CS1696,1
CS1697,0
CS1698,0
CS1699,0
CS1700,0
CS1701,0
CS1702,0
CS1703,1
CS1704,0
CS1705,1
CS1706,0
CS1707,0
CS1708,1
CS1709,1
CS1710,0
CS1711,0
CS1712,0
CS1713,0
CS1714,0
CS1715,0
CS1716,0
CS1717,0
CS1718,0
CS1719,0
CS1720,0
CS1721,0
CS1722,0
CS1723,0
CS1724,0
CS1725,0
CS1726,0
CS1727,0
CS1728,0
CS1729,0
CS1730,0
CS1731,0
CS1732,0
CS1733,0
CS1734,0
CS1735,0
CS1736,1
CS1737,0
CS1738,0
CS1739,0
CS1740,1
CS1741,0
CS1742,1
CS1743,0
CS1744,0
CS1745,0
CS1746,1
CS1747,0
CS1748,0
CS1749,0
CS1750,0
CS1751,0
CS1752,0
CS1753,0
CS1754,0
CS1755,0
CS1756,0
CS1757,1
CS1758,0
CS1759,1
CS1760,1
CS1761,0
CS1762,0
CS1763,0
CS1764,1
CS1765,0
CS1766,0
CS1767,0
CS1768,1
CS1769,0
CS1770,0
CS1771,0
CS1772,1
CS1773,0
CS1774,0
CS1775,0
CS1776,0
CS1777,0
CS1778,0
CS1779,0
CS1780,0
CS1781,0
CS1782,0
CS1783,0
CS1784,0
CS1785,1
CS1786,0
CS1787,0
CS1788,0
CS1789,0
CS1790,0
CS1791,0
CS1792,0
CS1793,0
CS1794,0
CS1795,0
CS1796,0
CS1797,0
CS1798,0
CS1799,0
CS1800,0
CS1801,0
CS1802,0
CS1803,1
CS1804,0
CS1805,1
CS1806,0
CS1807,0
CS1808,0
CS1809,0
CS1810,0
CS1811,0
CS1812,0
CS1813,0
CS1814,0
CS1815,0
CS1816,0
CS1817,0
CS1818,0
CS1819,0
CS1820,0
CS1821,0
CS1822,0
CS1823,0
CS1824,0
CS1825,0
CS1826,1
CS1827,0
CS1828,0
CS1829,0
CS1830,0
CS1831,0
CS1832,1
CS1833,0
CS1834,0
CS1835,0
CS1836,0
CS1837,0
CS1838,0
CS1839,1
CS1840,0
CS1841,0
CS1842,0
CS1843,0
CS1844,0
CS1845,0
CS1846,0
CS1847,0
CS1848,0
CS1849,0
CS1850,0
CS1851,0
CS1852,0
CS1853,0
CS1854,0
CS1855,0
CS1856,0
CS1857,0
CS1858,0
CS1859,0
CS1860,0
CS1861,0
CS1862,0
CS1863,0
CS1864,0
CS1865,1
CS1866,0
CS1867,0
CS1868,0
CS1869,0
CS1870,1
CS1871,0
CS1872,0
CS1873,0
CS1874,0
CS1875,0
CS1876,0
CS1877,0
CS1878,1
CS1879,0
CS1880,0
CS1881,1
CS1882,0
CS1883,0
CS1884,0
CS1885,0
CS1886,0
CS1887,0
CS1888,0
CS1889,0
CS1890,0
CS1891,0
CS1892,0
CS1893,0
CS1894,0
CS1895,1
CS1896,0
CS1897,0
CS1898,0
CS1899,0
CS1900,1
CS1901,0
CS1902,0
CS1903,0
CS1904,0
CS1905,1
CS1906,0
CS1907,1
CS1908,0
CS1909,0
CS1910,0
CS1911,0
CS1912,0
CS1913,0
CS1914,1
CS1915,0
CS1916,0
CS1917,0
CS1918,0
CS1919,1
CS1920,0
CS1921,0
CS1922,0
CS1923,1
CS1924,0
CS1925,0
CS1926,0
CS1927,0
CS1928,0
CS1929,0
CS1930,0
CS1931,0
CS1932,0
CS1933,0
CS1934,0
CS1935,0
CS1936,0
CS1937,0
CS1938,0
CS1939,0
CS1940,0
CS1941,0
CS1942,0
CS1943,0
CS1944,0
CS1945,1
CS1946,0
CS1947,0
CS1948,0
CS1949,0
CS1950,0
CS1951,0
CS1952,0
CS1953,0
CS1954,0
CS1955,0
CS1956,0
CS1957,0
CS1958,1
CS1959,1
CS1960,0
CS1961,0
CS1962,0
CS1963,0
CS1964,1
CS1965,0
CS1966,0
CS1967,0
CS1968,0
CS1969,0
CS1970,0
CS1971,0
CS1972,0
CS1973,0
CS1974,0
CS1975,0
CS1976,0
CS1977,0
CS1978,0
CS1979,0
CS1980,0
CS1981,0
CS1982,0
CS1983,0
CS1984,0
CS1985,0
CS1986,0
CS1987,0
CS1988,0
CS1989,1
CS1990,0
CS1991,0
CS1992,1
CS1993,0
CS1994,0
CS1995,1
CS1996,1
CS1997,0
CS1998,0
CS1999,0
CS2000,0
CS2001,0
CS2002,1
CS2003,0
CS2004,0
CS2005,0
CS2006,0
CS2007,0
CS2008,1
CS2009,0
CS2010,0
CS2011,0
CS2012,0
CS2013,0
CS2014,0
CS2015,0
CS2016,0
CS2017,0
CS2018,0
CS2019,0
CS2020,0
CS2021,0
CS2022,0
CS2023,0
CS2024,0
CS2025,0
CS2026,1
CS2027,0
CS2028,0
CS2029,0
CS2030,0
CS2031,0
CS2032,0
CS2033,0
CS2034,0
CS2035,0
CS2036,0
CS2037,0
CS2038,0
CS2039,1
CS2040,0
CS2041,0
CS2042,0
CS2043,0
CS2044,0
CS2045,0
CS2046,0
CS2047,0
CS2048,0
CS2049,0
CS2050,0
CS2051,0
CS2052,0
CS2053,1
CS2054,0
CS2055,0
CS2056,0
CS2057,0
CS2058,0
CS2059,0
CS2060,0
CS2061,0
CS2062,0
CS2063,1
CS2064,1
CS2065,0
CS2066,0
CS2067,0
CS2068,0
CS2069,0
CS2070,0
CS2071,0
CS2072,0
CS2073,0
CS2074,0
CS2075,0
CS2076,0
CS2077,0
CS2078,0
CS2079,0
CS2080,1
CS2081,0
CS2082,0
CS2083,0
CS2084,0
CS2085,1
CS2086,0
CS2087,0
CS2088,0
CS2089,0
CS2090,0
CS2091,0
CS2092,0
CS2093,0
CS2094,0
CS2095,0
CS2096,0
CS2097,0
CS2098,0
CS2099,0
CS2100,0
CS2101,1
CS2102,1
CS2103,0
CS2104,0
CS2105,0
CS2106,0
CS2107,0
CS2108,0
CS2109,0
CS2110,0
CS2111,0
CS2112,0
CS2113,1
CS2114,0
CS2115,0
CS2116,0
CS2117,0
CS2118,0
CS2119,0
CS2120,0
CS2121,0
CS2122,0
CS2123,0
CS2124,0
CS2125,0
CS2126,0
CS2127,0
CS2128,0
CS2129,0
CS2130,1
CS2131,0
CS2132,1
CS2133,0
CS2134,0
CS2135,0
CS2136,0
CS2137,0
CS2138,0
CS2139,0
CS2140,0
CS2141,0
CS2142,0
CS2143,0
CS2144,0
CS2145,0
CS2146,0
CS2147,0
CS2148,1
CS2149,0
CS2150,0
CS2151,0
CS2152,0
CS2153,0
CS2154,0
CS2155,0
CS2156,0
CS2157,0
CS2158,0
CS2159,0
CS2160,0
CS2161,1
CS2162,0
CS2163,1
CS2164,0
CS2165,0
CS2166,0
CS2167,0
CS2168,0
CS2169,0
CS2170,0
CS2171,0
CS2172,0
CS2173,0
CS2174,0
CS2175,1
CS2176,0
CS2177,1
CS2178,0
CS2179,0
CS2180,0
CS2181,0
CS2182,1
CS2183,0
CS2184,0
CS2185,0
CS2186,0
CS2187,0
CS2188,0
CS2189,0
CS2190,1
CS2191,0
CS2192,0
CS2193,0
CS2194,0
CS2195,0
CS2196,0
CS2197,0
CS2198,0
CS2199,0
CS2200,0
CS2201,0
CS2202,0
CS2203,0
CS2204,0
CS2205,0
CS2206,0
CS2207,0
CS2208,0
CS2209,0
CS2210,0
CS2211,0
CS2212,0
CS2213,0
CS2214,0
CS2215,0
CS2216,1
CS2217,0
CS2218,0
CS2219,0
CS2220,0
CS2221,0
CS2222,0
CS2223,0
CS2224,0
CS2225,0
CS2226,0
CS2227,1
CS2228,0
CS2229,1
CS2230,0
CS2231,0
CS2232,0
CS2233,0
CS2234,0
CS2235,0
CS2236,0
CS2237,0
CS2238,0
CS2239,0
CS2240,0
CS2241,0
CS2242,0
CS2243,0
CS2244,1
CS2245,0
CS2246,0
CS2247,1
CS2248,0
CS2249,0
CS2250,0
CS2251,0
CS2252,0
CS2253,0
CS2254,1
CS2255,0
CS2256,0
CS2257,0
CS2258,1
CS2259,1
CS2260,0
CS2261,0
CS2262,0
CS2263,0
CS2264,0
CS2265,0
CS2266,0
CS2267,1
CS2268,0
CS2269,0
CS2270,0
CS2271,0
CS2272,0
CS2273,0
CS2274,0
CS2275,0
CS2276,1
CS2277,0
CS2278,0
CS2279,0
CS2280,0
CS2281,0
CS2282,0
CS2283,0
CS2284,0
CS2285,0
CS2286,1
CS2287,0
CS2288,1
CS2289,0
CS2290,0
CS2291,0
CS2292,1
CS2293,0
CS2294,0
CS2295,0
CS2296,0
CS2297,0
CS2298,1
CS2299,0
CS2300,0
CS2301,0
CS2302,0
CS2303,0
CS2304,0
CS2305,0
CS2306,0
CS2307,0
CS2308,0
CS2309,0
CS2310,0
CS2311,1
CS2312,0
CS2313,0
CS2314,0
CS2315,0
CS2316,0
CS2317,0
CS2318,1
CS2319,0
CS2320,0
CS2321,0
CS2322,0
CS2323,0
CS2324,0
CS2325,0
CS2326,0
CS2327,0
CS2328,0
CS2329,0
CS2330,0
CS2331,1
CS2332,0
CS2333,0
CS2334,0
CS2335,0
CS2336,0
CS2337,0
CS2338,0
CS2339,0
CS2340,0
CS2341,1
CS2342,0
CS2343,0
CS2344,0
CS2345,0
CS2346,0
CS2347,0
CS2348,0
CS2349,0
CS2350,1
CS2351,0
CS2352,1
CS2353,0
CS2354,0
CS2355,0
CS2356,0
CS2357,0
CS2358,0
CS2359,1
CS2360,0
CS2361,0
CS2362,1
CS2363,0
CS2364,0
CS2365,0
CS2366,0
CS2367,0
CS2368,0
CS2369,0
CS2370,0
CS2371,0
CS2372,0
CS2373,0
CS2374,1
CS2375,0
CS2376,0
CS2377,0
CS2378,0
CS2379,0
CS2380,0
CS2381,0
CS2382,0
CS2383,0
CS2384,0
CS2385,1
CS2386,1
CS2387,0
CS2388,0
CS2389,1
CS2390,0
CS2391,0
CS2392,0
CS2393,0
CS2394,0
CS2395,0
CS2396,0
CS2397,0
CS2398,0
CS2399,0
CS2400,0
CS2401,0
CS2402,0
CS2403,1
CS2404,1
CS2405,0
CS2406,0
CS2407,1
CS2408,0
CS2409,0
CS2410,0
CS2411,0
CS2412,0
CS2413,0
CS2414,1
CS2415,0
CS2416,0
CS2417,0
CS2418,0
CS2419,0
CS2420,0
CS2421,0
CS2422,0
CS2423,0
CS2424,0
CS2425,0
CS2426,0
CS2427,0
CS2428,0
CS2429,0
CS2430,0
CS2431,0
CS2432,0
CS2433,0
CS2434,1
CS2435,0
CS2436,0
CS2437,0
CS2438,1
CS2439,0
CS2440,0
CS2441,1
CS2442,0
CS2443,0
CS2444,0
CS2445,0
CS2446,0
CS2447,0
CS2448,0
CS2449,0
CS2450,0
CS2451,0
CS2452,0
CS2453,0
CS2454,0
CS2455,1
CS2456,0
CS2457,1
CS2458,0
CS2459,1
CS2460,0
CS2461,0
CS2462,0
CS2463,0
CS2464,0
CS2465,0
CS2466,0
CS2467,0
CS2468,0
CS2469,0
CS2470,0
CS2471,0
CS2472,0
CS2473,0
CS2474,0
CS2475,0
CS2476,0
CS2477,0
CS2478,0
CS2479,0
CS2480,0
CS2481,0
CS2482,0
CS2483,0
CS2484,0
CS2485,1
CS2486,0
CS2487,0
CS2488,0
CS2489,1
CS2490,0
CS2491,0
CS2492,0
CS2493,0
CS2494,0
CS2495,0
CS2496,0
CS2497,0
CS2498,0
CS2499,0
CS2500,0
CS2501,1
CS2502,0
CS2503,0
CS2504,0
CS2505,0
CS2506,0
CS2507,0
CS2508,0
CS2509,0
CS2510,1
CS2511,0
CS2512,0
CS2513,0
CS2514,0
CS2515,1
CS2516,0
CS2517,0
CS2518,0
CS2519,0
CS2520,0
CS2521,0
CS2522,0
CS2523,0
CS2524,0
CS2525,1
CS2526,0
CS2527,0
CS2528,0
CS2529,0
CS2530,0
CS2531,0
CS2532,0
CS2533,0
CS2534,0
CS2535,0
CS2536,0
CS2537,0
CS2538,0
CS2539,0
CS2540,0
CS2541,1
CS2542,0
CS2543,0
CS2544,0
CS2545,0
CS2546,0
CS2547,0
CS2548,1
CS2549,0
CS2550,0
CS2551,1
CS2552,0
CS2553,0
CS2554,0
CS2555,0
CS2556,1
CS2557,0
CS2558,1
CS2559,0
CS2560,0
CS2561,0
CS2562,0
CS2563,0
CS2564,0
CS2565,0
CS2566,0
CS2567,0
CS2568,0
CS2569,0
CS2570,0
CS2571,0
CS2572,0
CS2573,0
CS2574,0
CS2575,1
CS2576,0
CS2577,0
CS2578,1
CS2579,0
CS2580,0
CS2581,0
CS2582,0
CS2583,0
CS2584,0
CS2585,0
CS2586,0
CS2587,0
CS2588,1
CS2589,0
CS2590,0
CS2591,0
CS2592,0
CS2593,0
CS2594,0
CS2595,1
CS2596,0
CS2597,0
CS2598,0
CS2599,0
CS2600,0
CS2601,1
CS2602,0
CS2603,1
CS2604,0
CS2605,0
CS2606,0
CS2607,0
CS2608,0
CS2609,0
CS2610,0
CS2611,0
CS2612,0
CS2613,0
CS2614,0
CS2615,0
CS2616,0
CS2617,0
CS2618,0
CS2619,0
CS2620,0
CS2621,0
CS2622,0
CS2623,0
CS2624,1
CS2625,0
CS2626,0
CS2627,0
CS2628,1
CS2629,0
CS2630,0
CS2631,0
CS2632,0
CS2633,0
CS2634,0
CS2635,0
CS2636,0
CS2637,0
CS2638,0
CS2639,0
CS2640,0
CS2641,1
CS2642,0
CS2643,0
CS2644,0
CS2645,0
CS2646,0
CS2647,0
CS2648,0
CS2649,1
CS2650,0
CS2651,0
CS2652,1
CS2653,1
CS2654,0
CS2655,0
CS2656,0
CS2657,0
CS2658,0
CS2659,0
CS2660,0
CS2661,1
CS2662,0
CS2663,0
CS2664,0
CS2665,0
CS2666,0
CS2667,0
CS2668,0
CS2669,0
CS2670,0
CS2671,0
CS2672,0
CS2673,0
CS2674,0
CS2675,0
CS2676,0
CS2677,1
CS2678,0
CS2679,0
CS2680,0
CS2681,0
CS2682,1
CS2683,0
CS2684,1
CS2685,0
CS2686,0
CS2687,0
CS2688,0
CS2689,0
CS2690,0
CS2691,1
CS2692,0
CS2693,0
CS2694,0
CS2695,0
CS2696,0
CS2697,0
CS2698,0
CS2699,0
CS2700,1
CS2701,0
CS2702,0
CS2703,1
CS2704,0
CS2705,0
CS2706,1
CS2707,0
CS2708,1
CS2709,0
CS2710,0
CS2711,0
CS2712,0
CS2713,0
CS2714,0
CS2715,1
CS2716,0
CS2717,0
CS2718,0
CS2719,1
CS2720,0
CS2721,0
CS2722,0
CS2723,0
CS2724,0
CS2725,0
CS2726,0
CS2727,0
CS2728,0
CS2729,0
CS2730,0
CS2731,0
CS2732,0
CS2733,0
CS2734,0
CS2735,0
CS2736,0
CS2737,0
CS2738,0
CS2739,0
CS2740,0
CS2741,1
CS2742,0
CS2743,0
CS2744,0
CS2745,0
CS2746,0
CS2747,0
CS2748,1
CS2749,0
CS2750,0
CS2751,0
CS2752,0
CS2753,0
CS2754,0
CS2755,1
CS2756,0
CS2757,0
CS2758,0
CS2759,0
CS2760,0
CS2761,0
CS2762,0
CS2763,0
CS2764,0
CS2765,0
CS2766,0
CS2767,0
CS2768,0
CS2769,0
CS2770,0
CS2771,0
CS2772,0
CS2773,0
CS2774,0
CS2775,0
CS2776,0
CS2777,0
CS2778,1
CS2779,0
CS2780,0
CS2781,0
CS2782,1
CS2783,0
CS2784,0
CS2785,0
CS2786,0
CS2787,0
CS2788,0
CS2789,0
CS2790,0
CS2791,0
CS2792,0
CS2793,0
CS2794,0
CS2795,0
CS2796,0
CS2797,1
CS2798,0
CS2799,0
CS2800,0
CS2801,0
CS2802,0
CS2803,0
CS2804,0
CS2805,0
CS2806,0
CS2807,0
CS2808,1
CS2809,1
CS2810,0
CS2811,0
CS2812,0
CS2813,0
CS2814,0
CS2815,0
CS2816,0
CS2817,0
CS2818,0
CS2819,0
CS2820,0
CS2821,0
CS2822,0
CS2823,1
CS2824,1
CS2825,0
CS2826,0
CS2827,0
CS2828,0
CS2829,0
CS2830,0
CS2831,0
CS2832,0
CS2833,1
CS2834,0
CS2835,0
CS2836,0
CS2837,0
CS2838,1
CS2839,0
CS2840,1
CS2841,0
CS2842,0
CS2843,0
CS2844,0
CS2845,0
CS2846,0
CS2847,0
CS2848,0
CS2849,0
CS2850,0
CS2851,0
CS2852,0
CS2853,0
CS2854,1
CS2855,0
CS2856,0
CS2857,0
CS2858,0
CS2859,0
CS2860,0
CS2861,0
CS2862,0
CS2863,0
CS2864,0
CS2865,0
CS2866,0
CS2867,1
CS2868,0
CS2869,0
CS2870,0
CS2871,0
CS2872,0
CS2873,0
CS2874,0
CS2875,0
CS2876,0
CS2877,0
CS2878,1
CS2879,0
CS2880,0
CS2881,0
CS2882,0
CS2883,0
CS2884,0
CS2885,0
CS2886,0
CS2887,0
CS2888,0
CS2889,1
CS2890,0
CS2891,1
CS2892,0
CS2893,0
CS2894,0
CS2895,0
CS2896,0
CS2897,0
CS2898,0
CS2899,1
CS2900,0
CS2901,0
CS2902,0
CS2903,1
CS2904,0
CS2905,0
CS2906,1
CS2907,0
CS2908,0
CS2909,0
CS2910,0
CS2911,0
CS2912,0
CS2913,1
CS2914,1
CS2915,0
CS2916,1
CS2917,0
CS2918,0
CS2919,0
CS2920,0
CS2921,1
CS2922,0
CS2923,0
CS2924,0
CS2925,0
CS2926,0
CS2927,0
CS2928,0
CS2929,0
CS2930,0
CS2931,1
CS2932,0
CS2933,0
CS2934,0
CS2935,0
CS2936,0
CS2937,0
CS2938,0
CS2939,0
CS2940,0
CS2941,0
CS2942,0
CS2943,0
CS2944,0
CS2945,0
CS2946,0
CS2947,0
CS2948,0
CS2949,0
CS2950,0
CS2951,1
CS2952,1
CS2953,0
CS2954,0
CS2955,0
CS2956,1
CS2957,0
CS2958,0
CS2959,0
CS2960,0
CS2961,0
CS2962,0
CS2963,0
CS2964,0
CS2965,0
CS2966,0
CS2967,0
CS2968,0
CS2969,0
CS2970,0
CS2971,1
CS2972,0
CS2973,0
CS2974,0
CS2975,0
CS2976,0
CS2977,0
CS2978,0
CS2979,0
CS2980,0
CS2981,0
CS2982,0
CS2983,0
CS2984,0
CS2985,0
CS2986,0
CS2987,0
CS2988,0
CS2989,0
CS2990,1
CS2991,0
CS2992,1
CS2993,0
CS2994,0
CS2995,0
CS2996,1
CS2997,0
CS2998,0
CS2999,0
CS3000,0
CS3001,0
CS3002,0
CS3003,0
CS3004,0
CS3005,1
CS3006,0
CS3007,0
CS3008,0
CS3009,0
CS3010,0
CS3011,0
CS3012,0
CS3013,0
CS3014,1
CS3015,0
CS3016,0
CS3017,1
CS3018,0
CS3019,0
CS3020,0
CS3021,0
CS3022,0
CS3023,1
CS3024,0
CS3025,1
CS3026,0
CS3027,0
CS3028,0
CS3029,0
CS3030,0
CS3031,0
CS3032,0
CS3033,0
CS3034,0
CS3035,0
CS3036,0
CS3037,0
CS3038,0
CS3039,0
CS3040,0
CS3041,0
CS3042,0
CS3043,0
CS3044,0
CS3045,0
CS3046,0
CS3047,0
CS3048,0
CS3049,0
CS3050,0
CS3051,0
CS3052,1
CS3053,0
CS3054,0
CS3055,0
CS3056,0
CS3057,0
CS3058,0
CS3059,0
CS3060,0
CS3061,0
CS3062,0
CS3063,0
CS3064,0
CS3065,0
CS3066,0
CS3067,0
CS3068,0
CS3069,0
CS3070,0
CS3071,0
CS3072,0
CS3073,0
CS3074,0
CS3075,0
CS3076,0
CS3077,0
CS3078,0
CS3079,1
CS3080,0
CS3081,0
CS3082,1
CS3083,0
CS3084,0
CS3085,0
CS3086,1
CS3087,0
CS3088,0
CS3089,0
CS3090,1
CS3091,0
CS3092,0
CS3093,0
CS3094,0
CS3095,0
CS3096,0
CS3097,0
CS3098,0
CS3099,0
CS3100,0
CS3101,0
CS3102,0
CS3103,0
CS3104,0
CS3105,1
CS3106,0
CS3107,0
CS3108,0
CS3109,1
CS3110,0
CS3111,0
CS3112,1
CS3113,0
CS3114,0
CS3115,0
CS3116,1
CS3117,0
CS3118,0
CS3119,0
CS3120,0
CS3121,0
CS3122,0
CS3123,0
CS3124,0
CS3125,0
CS3126,1
CS3127,0
CS3128,0
CS3129,0
CS3130,0
CS3131,0
CS3132,0
CS3133,0
CS3134,1
CS3135,0
CS3136,1
CS3137,0
CS3138,0
CS3139,0
CS3140,0
CS3141,0
CS3142,0
CS3143,0
CS3144,0
CS3145,0
CS3146,0
CS3147,1
CS3148,0
CS3149,0
CS3150,0
CS3151,0
CS3152,0
CS3153,0
CS3154,0
CS3155,0
CS3156,0
CS3157,0
CS3158,0
CS3159,0
CS3160,0
CS3161,0
CS3162,0
CS3163,0
CS3164,0
CS3165,0
CS3166,0
CS3167,0
CS3168,0
CS3169,0
CS3170,0
CS3171,0
CS3172,0
CS3173,0
CS3174,0
CS3175,0
CS3176,0
CS3177,0
CS3178,0
CS3179,0
CS3180,1
CS3181,0
CS3182,0
CS3183,0
CS3184,0
CS3185,0
CS3186,0
CS3187,0
CS3188,0
CS3189,0
CS3190,0
CS3191,0
CS3192,0
CS3193,0
CS3194,0
CS3195,0
CS3196,0
CS3197,0
CS3198,0
CS3199,0
CS3200,0
CS3201,0
CS3202,0
CS3203,0
CS3204,0
CS3205,0
CS3206,0
CS3207,1
CS3208,0
CS3209,0
CS3210,0
CS3211,0
CS3212,0
CS3213,0
CS3214,0
CS3215,1
CS3216,0
CS3217,0
CS3218,0
CS3219,0
CS3220,0
CS3221,0
CS3222,0
CS3223,0
CS3224,0
CS3225,0
CS3226,0
CS3227,0
CS3228,1
CS3229,0
CS3230,0
CS3231,0
CS3232,1
CS3233,0
CS3234,1
CS3235,0
CS3236,0
CS3237,0
CS3238,0
CS3239,0
CS3240,0
CS3241,0
CS3242,0
CS3243,0
CS3244,1
CS3245,1
CS3246,0
CS3247,0
CS3248,0
CS3249,1
CS3250,0
CS3251,0
CS3252,0
CS3253,0
CS3254,0
CS3255,1
CS3256,1
CS3257,0
CS3258,0
CS3259,1
CS3260,1
CS3261,0
CS3262,0
CS3263,0
CS3264,0
CS3265,0
CS3266,0
CS3267,0
CS3268,0
CS3269,0
CS3270,0
CS3271,0
CS3272,0
CS3273,0
CS3274,0
CS3275,0
CS3276,0
CS3277,0
CS3278,0
CS3279,0
CS3280,1
CS3281,1
CS3282,0
CS3283,0
CS3284,0
CS3285,0
CS3286,0
CS3287,0
CS3288,0
CS3289,0
CS3290,0
CS3291,0
CS3292,0
CS3293,0
CS3294,0
CS3295,1
CS3296,0
CS3297,0
CS3298,0
CS3299,0
CS3300,0
CS3301,0
CS3302,0
CS3303,0
CS3304,0
CS3305,0
CS3306,0
CS3307,0
CS3308,0
CS3309,0
CS3310,0
CS3311,0
CS3312,0
CS3313,1
CS3314,0
CS3315,0
CS3316,0
CS3317,0
CS3318,1
CS3319,0
CS3320,0
CS3321,0
CS3322,0
CS3323,0
CS3324,0
CS3325,0
CS3326,0
CS3327,0
CS3328,0
CS3329,0
CS3330,0
CS3331,0
CS3332,0
CS3333,0
CS3334,0
CS3335,0
CS3336,0
CS3337,0
CS3338,0
CS3339,0
CS3340,1
CS3341,0
CS3342,0
CS3343,0
CS3344,0
CS3345,0
CS3346,0
CS3347,1
CS3348,0
CS3349,0
CS3350,0
CS3351,0
CS3352,0
CS3353,0
CS3354,0
CS3355,0
CS3356,0
CS3357,0
CS3358,0
CS3359,0
CS3360,0
CS3361,1
CS3362,1
CS3363,0
CS3364,1
CS3365,0
CS3366,0
CS3367,0
CS3368,1
CS3369,0
CS3370,0
CS3371,0
CS3372,0
CS3373,0
CS3374,0
CS3375,0
CS3376,0
CS3377,0
CS3378,0
CS3379,0
CS3380,0
CS3381,0
CS3382,0
CS3383,0
CS3384,0
CS3385,0
CS3386,1
CS3387,0
CS3388,0
CS3389,0
CS3390,0
CS3391,0
CS3392,0
CS3393,0
CS3394,0
CS3395,0
CS3396,0
CS3397,0
CS3398,1
CS3399,0
CS3400,0
CS3401,1
CS3402,0
CS3403,0
CS3404,0
CS3405,0
CS3406,1
CS3407,0
CS3408,0
CS3409,1
CS3410,0
CS3411,0
CS3412,0
CS3413,0
CS3414,0
CS3415,1
CS3416,0
CS3417,0
CS3418,0
CS3419,0
CS3420,0
CS3421,0
CS3422,0
CS3423,0
CS3424,0
CS3425,0
CS3426,0
CS3427,0
CS3428,0
CS3429,1
CS3430,0
CS3431,0
CS3432,0
CS3433,0
CS3434,0
CS3435,0
CS3436,0
CS3437,0
CS3438,1
CS3439,1
CS3440,0
CS3441,0
CS3442,0
CS3443,0
CS3444,0
CS3445,0
CS3446,0
CS3447,0
CS3448,0
CS3449,0
CS3450,0
CS3451,0
CS3452,0
CS3453,1
CS3454,0
CS3455,0
CS3456,1
CS3457,0
CS3458,0
CS3459,0
CS3460,0
CS3461,0
CS3462,0
CS3463,0
CS3464,0
CS3465,0
CS3466,0
CS3467,0
CS3468,1
CS3469,0
CS3470,0
CS3471,0
CS3472,0
CS3473,1
CS3474,0
CS3475,1
CS3476,0
CS3477,0
CS3478,0
CS3479,0
CS3480,0
CS3481,0
CS3482,0
CS3483,0
CS3484,0
CS3485,1
CS3486,0
CS3487,0
CS3488,0
CS3489,0
CS3490,0
CS3491,0
CS3492,0
CS3493,0
CS3494,0
CS3495,1
CS3496,0
CS3497,0
CS3498,0
CS3499,0
CS3500,0
CS3501,1
CS3502,0
CS3503,0
CS3504,1
CS3505,1
CS3506,0
CS3507,0
CS3508,0
CS3509,0
CS3510,0
CS3511,0
CS3512,0
CS3513,0
CS3514,1
CS3515,0
CS3516,0
CS3517,0
CS3518,0
CS3519,0
CS3520,0
CS3521,0
CS3522,0
CS3523,0
CS3524,0
CS3525,0
CS3526,0
CS3527,0
CS3528,0
CS3529,0
CS3530,1
CS3531,0
CS3532,0
CS3533,0
CS3534,0
CS3535,0
CS3536,0
CS3537,0
CS3538,0
CS3539,0
CS3540,0
CS3541,1
CS3542,0
CS3543,0
CS3544,0
CS3545,0
CS3546,0
CS3547,0
CS3548,0
CS3549,0
CS3550,0
CS3551,0
CS3552,0
CS3553,0
CS3554,0
CS3555,0
CS3556,1
CS3557,0
CS3558,0
CS3559,0
CS3560,0
CS3561,0
CS3562,0
CS3563,0
CS3564,0
CS3565,0
CS3566,0
CS3567,0
CS3568,0
CS3569,0
CS3570,0
CS3571,0
CS3572,1
CS3573,0
CS3574,0
CS3575,0
CS3576,0
CS3577,0
CS3578,0
CS3579,0
CS3580,0
CS3581,0
CS3582,0
CS3583,0
CS3584,0
CS3585,0
CS3586,0
CS3587,0
CS3588,0
CS3589,0
CS3590,0
CS3591,0
CS3592,0
CS3593,0
CS3594,1
CS3595,1
CS3596,0
CS3597,1
CS3598,0
CS3599,0
CS3600,0
CS3601,0
CS3602,0
CS3603,0
CS3604,0
CS3605,0
CS3606,0
CS3607,0
CS3608,1
CS3609,0
CS3610,0
CS3611,0
CS3612,0
CS3613,0
CS3614,0
CS3615,0
CS3616,0
CS3617,0
CS3618,0
CS3619,0
CS3620,0
CS3621,0
CS3622,0
CS3623,0
CS3624,0
CS3625,0
CS3626,0
CS3627,0
CS3628,0
CS3629,0
CS3630,0
CS3631,1
CS3632,0
CS3633,0
CS3634,0
CS3635,0
CS3636,0
CS3637,0
CS3638,0
CS3639,0
CS3640,0
CS3641,0
CS3642,1
CS3643,0
CS3644,0
CS3645,1
CS3646,0
CS3647,0
CS3648,0
CS3649,0
CS3650,0
CS3651,0
CS3652,0
CS3653,0
CS3654,0
CS3655,1
CS3656,0
CS3657,0
CS3658,1
CS3659,0
CS3660,0
CS3661,0
CS3662,0
CS3663,0
CS3664,0
CS3665,1
CS3666,0
CS3667,0
CS3668,0
CS3669,0
CS3670,0
CS3671,0
CS3672,0
CS3673,0
CS3674,0
CS3675,0
CS3676,0
CS3677,0
CS3678,0
CS3679,1
CS3680,0
CS3681,0
CS3682,0
CS3683,0
CS3684,0
CS3685,0
CS3686,0
CS3687,0
CS3688,0
CS3689,0
CS3690,0
CS3691,0
CS3692,0
CS3693,0
CS3694,1
CS3695,0
CS3696,0
CS3697,0
CS3698,0
CS3699,0
CS3700,0
CS3701,0
CS3702,1
CS3703,1
CS3704,1
CS3705,0
CS3706,0
CS3707,0
CS3708,0
CS3709,0
CS3710,1
CS3711,0
CS3712,0
CS3713,0
CS3714,0
CS3715,0
CS3716,0
CS3717,0
CS3718,0
CS3719,0
CS3720,0
CS3721,0
CS3722,0
CS3723,0
CS3724,0
CS3725,0
CS3726,0
CS3727,0
CS3728,0
CS3729,0
CS3730,1
CS3731,0
CS3732,1
CS3733,0
CS3734,0
CS3735,0
CS3736,0
CS3737,0
CS3738,0
CS3739,0
CS3740,0
CS3741,0
CS3742,0
CS3743,0
CS3744,1
CS3745,0
CS3746,0
CS3747,0
CS3748,0
CS3749,0
CS3750,1
CS3751,0
CS3752,0
CS3753,0
CS3754,0
CS3755,0
CS3756,0
CS3757,0
CS3758,0
CS3759,0
CS3760,0
CS3761,1
CS3762,0
CS3763,0
CS3764,0
CS3765,1
CS3766,0
CS3767,0
CS3768,1
CS3769,0
CS3770,0
CS3771,0
CS3772,0
CS3773,0
CS3774,0
CS3775,0
CS3776,0
CS3777,0
CS3778,0
CS3779,0
CS3780,0
CS3781,0
CS3782,1
CS3783,0
CS3784,0
CS3785,0
CS3786,0
CS3787,0
CS3788,0
CS3789,0
CS3790,0
CS3791,0
CS3792,0
CS3793,0
CS3794,0
CS3795,0
CS3796,0
CS3797,0
CS3798,0
CS3799,0
CS3800,0
CS3801,0
CS3802,1
CS3803,0
CS3804,0
CS3805,0
CS3806,0
CS3807,0
CS3808,0
CS3809,0
CS3810,0
CS3811,1
CS3812,1
CS3813,1
CS3814,0
CS3815,0
CS3816,0
CS3817,0
CS3818,0
CS3819,0
CS3820,1
CS3821,0
CS3822,0
CS3823,0
CS3824,0
CS3825,0
CS3826,0
CS3827,0
CS3828,0
CS3829,0
CS3830,0
CS3831,0
CS3832,0
CS3833,0
CS3834,0
CS3835,0
CS3836,0
CS3837,0
CS3838,0
CS3839,0
CS3840,0
CS3841,1
CS3842,0
CS3843,0
CS3844,0
CS3845,0
CS3846,0
CS3847,0
CS3848,0
CS3849,1
CS3850,0
CS3851,0
CS3852,0
CS3853,0
CS3854,1
CS3855,0
CS3856,0
CS3857,0
CS3858,0
CS3859,1
CS3860,0
CS3861,0
CS3862,0
CS3863,0
CS3864,0
CS3865,0
CS3866,0
CS3867,1
CS3868,0
CS3869,0
CS3870,0
CS3871,0
CS3872,0
CS3873,0
CS3874,0
CS3875,1
CS3876,0
CS3877,0
CS3878,0
CS3879,0
CS3880,1
CS3881,0
CS3882,0
CS3883,0
CS3884,0
CS3885,0
CS3886,1
CS3887,0
CS3888,0
CS3889,0
CS3890,0
CS3891,0
CS3892,0
CS3893,0
CS3894,1
CS3895,0
CS3896,0
CS3897,0
CS3898,1
CS3899,0
CS3900,0
CS3901,0
CS3902,0
CS3903,1
CS3904,0
CS3905,1
CS3906,0
CS3907,0
CS3908,1
CS3909,0
CS3910,0
CS3911,0
CS3912,0
CS3913,0
CS3914,0
CS3915,0
CS3916,0
CS3917,0
CS3918,0
CS3919,0
CS3920,0
CS3921,0
CS3922,0
CS3923,0
CS3924,0
CS3925,0
CS3926,0
CS3927,1
CS3928,0
CS3929,1
CS3930,0
CS3931,0
CS3932,0
CS3933,0
CS3934,0
CS3935,0
CS3936,1
CS3937,0
CS3938,0
CS3939,0
CS3940,0
CS3941,0
CS3942,1
CS3943,0
CS3944,0
CS3945,0
CS3946,0
CS3947,1
CS3948,0
CS3949,0
CS3950,1
CS3951,0
CS3952,0
CS3953,0
CS3954,0
CS3955,0
CS3956,0
CS3957,0
CS3958,0
CS3959,0
CS3960,0
CS3961,0
CS3962,0
CS3963,0
CS3964,0
CS3965,0
CS3966,0
CS3967,0
CS3968,0
CS3969,1
CS3970,0
CS3971,0
CS3972,0
CS3973,0
CS3974,0
CS3975,0
CS3976,0
CS3977,0
CS3978,0
CS3979,0
CS3980,0
CS3981,0
CS3982,0
CS3983,0
CS3984,0
CS3985,0
CS3986,0
CS3987,0
CS3988,0
CS3989,0
CS3990,0
CS3991,0
CS3992,0
CS3993,0
CS3994,0
CS3995,0
CS3996,0
CS3997,0
CS3998,0
CS3999,1
CS4000,0
CS4001,0
CS4002,0
CS4003,0
CS4004,0
CS4005,0
CS4006,0
CS4007,0
CS4008,0
CS4009,0
CS4010,0
CS4011,0
CS4012,0
CS4013,0
CS4014,0
CS4015,0
CS4016,1
CS4017,0
CS4018,0
CS4019,1
CS4020,0
CS4021,0
CS4022,0
CS4023,0
CS4024,0
CS4025,0
CS4026,0
CS4027,0
CS4028,0
CS4029,0
CS4030,0
CS4031,0
CS4032,0
CS4033,0
CS4034,0
CS4035,0
CS4036,0
CS4037,0
CS4038,0
CS4039,0
CS4040,0
CS4041,0
CS4042,0
CS4043,0
CS4044,0
CS4045,0
CS4046,0
CS4047,0
CS4048,0
CS4049,0
CS4050,0
CS4051,0
CS4052,0
CS4053,0
CS4054,0
CS4055,0
CS4056,0
CS4057,0
CS4058,0
CS4059,0
CS4060,0
CS4061,1
CS4062,0
CS4063,0
CS4064,0
CS4065,0
CS4066,0
CS4067,0
CS4068,0
CS4069,0
CS4070,0
CS4071,0
CS4072,0
CS4073,0
CS4074,0
CS4075,0
CS4076,1
CS4077,0
CS4078,0
CS4079,0
CS4080,0
CS4081,0
CS4082,0
CS4083,0
CS4084,0
CS4085,0
CS4086,0
CS4087,0
CS4088,0
CS4089,0
CS4090,0
CS4091,0
CS4092,0
CS4093,0
CS4094,0
CS4095,0
CS4096,0
CS4097,0
CS4098,1
CS4099,0
CS4100,0
CS4101,0
CS4102,0
CS4103,0
CS4104,0
CS4105,0
CS4106,1
CS4107,1
CS4108,1
CS4109,0
CS4110,1
CS4111,0
CS4112,0
CS4113,0
CS4114,0
CS4115,1
CS4116,1
CS4117,0
CS4118,0
CS4119,0
CS4120,0
CS4121,0
CS4122,0
CS4123,0
CS4124,1
CS4125,0
CS4126,0
CS4127,0
CS4128,0
CS4129,0
CS4130,0
CS4131,0
CS4132,0
CS4133,0
CS4134,0
CS4135,0
CS4136,1
CS4137,0
CS4138,0
CS4139,1
CS4140,0
CS4141,0
CS4142,0
CS4143,0
CS4144,0
CS4145,0
CS4146,0
CS4147,0
CS4148,0
CS4149,0
CS4150,0
CS4151,0
CS4152,0
CS4153,0
CS4154,0
CS4155,0
CS4156,0
CS4157,1
CS4158,0
CS4159,0
CS4160,0
CS4161,0
CS4162,0
CS4163,0
CS4164,0
CS4165,0
CS4166,0
CS4167,0
CS4168,0
CS4169,0
CS4170,0
CS4171,0
CS4172,0
CS4173,0
CS4174,0
CS4175,0
CS4176,0
CS4177,0
CS4178,0
CS4179,0
CS4180,0
CS4181,0
CS4182,0
CS4183,1
CS4184,0
CS4185,0
CS4186,0
CS4187,0
CS4188,0
CS4189,0
CS4190,0
CS4191,0
CS4192,0
CS4193,0
CS4194,0
CS4195,0
CS4196,0
CS4197,0
CS4198,0
CS4199,0
CS4200,0
CS4201,0
CS4202,0
CS4203,0
CS4204,0
CS4205,0
CS4206,0
CS4207,0
CS4208,0
CS4209,0
CS4210,0
CS4211,0
CS4212,0
CS4213,0
CS4214,0
CS4215,0
CS4216,0
CS4217,0
CS4218,0
CS4219,0
CS4220,0
CS4221,0
CS4222,0
CS4223,0
CS4224,0
CS4225,0
CS4226,0
CS4227,0
CS4228,0
CS4229,0
CS4230,0
CS4231,0
CS4232,1
CS4233,0
CS4234,0
CS4235,0
CS4236,0
CS4237,0
CS4238,0
CS4239,0
CS4240,1
CS4241,0
CS4242,0
CS4243,0
CS4244,0
CS4245,0
CS4246,0
CS4247,0
CS4248,1
CS4249,0
CS4250,0
CS4251,0
CS4252,0
CS4253,0
CS4254,0
CS4255,0
CS4256,0
CS4257,0
CS4258,0
CS4259,0
CS4260,1
CS4261,0
CS4262,0
CS4263,0
CS4264,0
CS4265,0
CS4266,0
CS4267,1
CS4268,0
CS4269,0
CS4270,0
CS4271,0
CS4272,0
CS4273,0
CS4274,0
CS4275,0
CS4276,1
CS4277,0
CS4278,0
CS4279,0
CS4280,0
CS4281,0
CS4282,0
CS4283,0
CS4284,0
CS4285,0
CS4286,0
CS4287,0
CS4288,0
CS4289,0
CS4290,0
CS4291,0
CS4292,0
CS4293,0
CS4294,1
CS4295,0
CS4296,0
CS4297,1
CS4298,0
CS4299,0
CS4300,0
CS4301,0
CS4302,0
CS4303,1
CS4304,0
CS4305,0
CS4306,0
CS4307,0
CS4308,0
CS4309,0
CS4310,0
CS4311,1
CS4312,0
CS4313,0
CS4314,0
CS4315,0
CS4316,0
CS4317,0
CS4318,0
CS4319,0
CS4320,1
CS4321,0
CS4322,0
CS4323,0
CS4324,0
CS4325,0
CS4326,0
CS4327,0
CS4328,0
CS4329,0
CS4330,0
CS4331,0
CS4332,0
CS4333,0
CS4334,0
CS4335,0
CS4336,0
CS4337,0
CS4338,0
CS4339,1
CS4340,1
CS4341,0
CS4342,0
CS4343,0
CS4344,0
CS4345,1
CS4346,0
CS4347,0
CS4348,0
CS4349,0
CS4350,1
CS4351,0
CS4352,1
CS4353,0
CS4354,1
CS4355,0
CS4356,1
CS4357,1
CS4358,1
CS4359,0
CS4360,0
CS4361,0
CS4362,0
CS4363,0
CS4364,0
CS4365,0
CS4366,0
CS4367,0
CS4368,0
CS4369,0
CS4370,0
CS4371,0
CS4372,0
CS4373,0
CS4374,0
CS4375,0
CS4376,0
CS4377,0
CS4378,0
CS4379,0
CS4380,1
CS4381,1
CS4382,0
CS4383,0
CS4384,0
CS4385,0
CS4386,0
CS4387,0
CS4388,0
CS4389,1
CS4390,0
CS4391,1
CS4392,0
CS4393,0
CS4394,0
CS4395,0
CS4396,0
CS4397,0
CS4398,0
CS4399,0
CS4400,0
CS4401,0
CS4402,0
CS4403,0
CS4404,0
CS4405,0
CS4406,0
CS4407,1
CS4408,0
CS4409,1
CS4410,0
CS4411,1
CS4412,0
CS4413,0
CS4414,0
CS4415,0
CS4416,0
CS4417,0
CS4418,0
CS4419,0
CS4420,0
CS4421,0
CS4422,0
CS4423,0
CS4424,0
CS4425,0
CS4426,0
CS4427,0
CS4428,0
CS4429,0
CS4430,0
CS4431,0
CS4432,1
CS4433,0
CS4434,0
CS4435,0
CS4436,0
CS4437,0
CS4438,1
CS4439,0
CS4440,0
CS4441,0
CS4442,1
CS4443,0
CS4444,0
CS4445,0
CS4446,0
CS4447,0
CS4448,0
CS4449,0
CS4450,0
CS4451,1
CS4452,0
CS4453,0
CS4454,0
CS4455,0
CS4456,0
CS4457,1
CS4458,1
CS4459,0
CS4460,0
CS4461,0
CS4462,0
CS4463,0
CS4464,0
CS4465,0
CS4466,1
CS4467,0
CS4468,0
CS4469,0
CS4470,1
CS4471,0
CS4472,1
CS4473,0
CS4474,0
CS4475,1
CS4476,0
CS4477,0
CS4478,1
CS4479,1
CS4480,0
CS4481,0
CS4482,0
CS4483,1
CS4484,0
CS4485,0
CS4486,0
CS4487,0
CS4488,0
CS4489,0
CS4490,0
CS4491,0
CS4492,0
CS4493,0
CS4494,1
CS4495,0
CS4496,0
CS4497,0
CS4498,0
CS4499,0
CS4500,0
CS4501,0
CS4502,0
CS4503,1
CS4504,0
CS4505,0
CS4506,1
CS4507,0
CS4508,0
CS4509,0
CS4510,0
CS4511,0
CS4512,0
CS4513,0
CS4514,0
CS4515,0
CS4516,0
CS4517,0
CS4518,0
CS4519,0
CS4520,0
CS4521,0
CS4522,0
CS4523,0
CS4524,0
CS4525,1
CS4526,0
CS4527,0
CS4528,0
CS4529,0
CS4530,0
CS4531,0
CS4532,0
CS4533,1
CS4534,0
CS4535,1
CS4536,0
CS4537,0
CS4538,0
CS4539,1
CS4540,1
CS4541,0
CS4542,0
CS4543,0
CS4544,0
CS4545,0
CS4546,0
CS4547,1
CS4548,0
CS4549,1
CS4550,0
CS4551,0
CS4552,0
CS4553,0
CS4554,0
CS4555,0
CS4556,0
CS4557,0
CS4558,0
CS4559,0
CS4560,0
CS4561,1
CS4562,0
CS4563,0
CS4564,0
CS4565,0
CS4566,1
CS4567,0
CS4568,0
CS4569,0
CS4570,0
CS4571,0
CS4572,1
CS4573,0
CS4574,0
CS4575,0
CS4576,0
CS4577,0
CS4578,1
CS4579,0
CS4580,1
CS4581,0
CS4582,1
CS4583,0
CS4584,0
CS4585,0
CS4586,0
CS4587,0
CS4588,0
CS4589,0
CS4590,0
CS4591,0
CS4592,0
CS4593,0
CS4594,0
CS4595,0
CS4596,0
CS4597,0
CS4598,0
CS4599,0
CS4600,0
CS4601,0
CS4602,0
CS4603,1
CS4604,1
CS4605,0
CS4606,0
CS4607,0
CS4608,0
CS4609,0
CS4610,0
CS4611,0
CS4612,0
CS4613,1
CS4614,0
CS4615,0
CS4616,0
CS4617,0
CS4618,0
CS4619,0
CS4620,0
CS4621,0
CS4622,0
CS4623,1
CS4624,1
CS4625,0
CS4626,0
CS4627,0
CS4628,0
CS4629,0
CS4630,0
CS4631,0
CS4632,0
CS4633,0
CS4634,0
CS4635,1
CS4636,0
CS4637,1
CS4638,0
CS4639,0
CS4640,0
CS4641,0
CS4642,0
CS4643,0
CS4644,0
CS4645,0
CS4646,0
CS4647,0
CS4648,0
CS4649,0
CS4650,0
CS4651,0
CS4652,1
CS4653,0
CS4654,0
CS4655,0
CS4656,0
CS4657,0
CS4658,0
CS4659,0
CS4660,0
CS4661,0
CS4662,0
CS4663,0
CS4664,0
CS4665,0
CS4666,1
CS4667,0
CS4668,0
CS4669,0
CS4670,0
CS4671,0
CS4672,0
CS4673,0
CS4674,0
CS4675,0
CS4676,0
CS4677,0
CS4678,0
CS4679,0
CS4680,0
CS4681,0
CS4682,0
CS4683,0
CS4684,0
CS4685,1
CS4686,0
CS4687,0
CS4688,0
CS4689,0
CS4690,0
CS4691,0
CS4692,0
CS4693,0
CS4694,0
CS4695,0
CS4696,0
CS4697,0
CS4698,0
CS4699,1
CS4700,0
CS4701,0
CS4702,1
CS4703,0
CS4704,0
CS4705,0
CS4706,0
CS4707,0
CS4708,0
CS4709,0
CS4710,0
CS4711,0
CS4712,0
CS4713,0
CS4714,0
CS4715,0
CS4716,0
CS4717,1
CS4718,0
CS4719,0
CS4720,0
CS4721,0
CS4722,0
CS4723,0
CS4724,0
CS4725,0
CS4726,0
CS4727,1
CS4728,1
CS4729,0
CS4730,0
CS4731,0
CS4732,0
CS4733,0
CS4734,0
CS4735,0
CS4736,0
CS4737,0
CS4738,0
CS4739,1
CS4740,0
CS4741,0
CS4742,0
CS4743,0
CS4744,0
CS4745,0
CS4746,1
CS4747,0
CS4748,1
CS4749,0
CS4750,0
CS4751,0
CS4752,0
CS4753,0
CS4754,0
CS4755,1
CS4756,0
CS4757,0
CS4758,0
CS4759,0
CS4760,0
CS4761,0
CS4762,0
CS4763,0
CS4764,0
CS4765,0
CS4766,0
CS4767,0
CS4768,1
CS4769,0
CS4770,0
CS4771,0
CS4772,0
CS4773,0
CS4774,0
CS4775,0
CS4776,0
CS4777,0
CS4778,0
CS4779,1
CS4780,0
CS4781,0
CS4782,0
CS4783,0
CS4784,0
CS4785,0
CS4786,0
CS4787,0
CS4788,0
CS4789,0
CS4790,0
CS4791,0
CS4792,0
CS4793,0
CS4794,0
CS4795,0
CS4796,0
CS4797,0
CS4798,1
CS4799,0
CS4800,0
CS4801,0
CS4802,0
CS4803,0
CS4804,0
CS4805,0
CS4806,0
CS4807,0
CS4808,0
CS4809,0
CS4810,0
CS4811,1
CS4812,0
CS4813,0
CS4814,0
CS4815,0
CS4816,0
CS4817,0
CS4818,0
CS4819,1
CS4820,0
CS4821,0
CS4822,0
CS4823,0
CS4824,0
CS4825,0
CS4826,0
CS4827,0
CS4828,0
CS4829,0
CS4830,0
CS4831,0
CS4832,0
CS4833,0
CS4834,0
CS4835,0
CS4836,0
CS4837,0
CS4838,0
CS4839,1
CS4840,0
CS4841,0
CS4842,0
CS4843,0
CS4844,0
CS4845,0
CS4846,0
CS4847,0
CS4848,0
CS4849,0
CS4850,0
CS4851,0
CS4852,0
CS4853,0
CS4854,0
CS4855,0
CS4856,0
CS4857,0
CS4858,0
CS4859,1
CS4860,0
CS4861,0
CS4862,0
CS4863,0
CS4864,0
CS4865,0
CS4866,0
CS4867,0
CS4868,0
CS4869,0
CS4870,0
CS4871,0
CS4872,1
CS4873,0
CS4874,0
CS4875,0
CS4876,0
CS4877,0
CS4878,1
CS4879,0
CS4880,0
CS4881,0
CS4882,0
CS4883,0
CS4884,0
CS4885,1
CS4886,0
CS4887,0
CS4888,0
CS4889,0
CS4890,0
CS4891,0
CS4892,0
CS4893,0
CS4894,0
CS4895,0
CS4896,1
CS4897,1
CS4898,0
CS4899,0
CS4900,0
CS4901,0
CS4902,1
CS4903,1
CS4904,0
CS4905,0
CS4906,0
CS4907,0
CS4908,0
CS4909,0
CS4910,0
CS4911,0
CS4912,0
CS4913,0
CS4914,1
CS4915,0
CS4916,0
CS4917,0
CS4918,0
CS4919,0
CS4920,0
CS4921,0
CS4922,0
CS4923,0
CS4924,1
CS4925,0
CS4926,0
CS4927,0
CS4928,0
CS4929,0
CS4930,0
CS4931,0
CS4932,0
CS4933,0
CS4934,1
CS4935,0
CS4936,0
CS4937,0
CS4938,0
CS4939,1
CS4940,0
CS4941,0
CS4942,1
CS4943,0
CS4944,0
CS4945,0
CS4946,0
CS4947,0
CS4948,0
CS4949,1
CS4950,0
CS4951,0
CS4952,1
CS4953,0
CS4954,0
CS4955,0
CS4956,0
CS4957,0
CS4958,0
CS4959,0
CS4960,0
CS4961,0
CS4962,0
CS4963,0
CS4964,0
CS4965,0
CS4966,0
CS4967,0
CS4968,0
CS4969,0
CS4970,0
CS4971,0
CS4972,0
CS4973,1
CS4974,0
CS4975,0
CS4976,0
CS4977,0
CS4978,0
CS4979,0
CS4980,0
CS4981,0
CS4982,0
CS4983,0
CS4984,0
CS4985,1
CS4986,0
CS4987,0
CS4988,1
CS4989,0
CS4990,0
CS4991,0
CS4992,0
CS4993,0
CS4994,0
CS4995,1
CS4996,0
CS4997,0
CS4998,0
CS4999,0
CS5000,0
CS5001,1
CS5002,0
CS5003,0
CS5004,0
CS5005,0
CS5006,0
CS5007,0
CS5008,0
CS5009,0
CS5010,0
CS5011,0
CS5012,0
CS5013,1
CS5014,0
CS5015,0
CS5016,0
CS5017,0
CS5018,0
CS5019,0
CS5020,0
CS5021,0
CS5022,0
CS5023,0
CS5024,1
CS5025,0
CS5026,1
CS5027,0
CS5028,0
CS5029,0
CS5030,0
CS5031,0
CS5032,0
CS5033,0
CS5034,0
CS5035,0
CS5036,0
CS5037,0
CS5038,0
CS5039,0
CS5040,0
CS5041,0
CS5042,0
CS5043,0
CS5044,1
CS5045,0
CS5046,1
CS5047,0
CS5048,0
CS5049,0
CS5050,0
CS5051,0
CS5052,0
CS5053,0
CS5054,0
CS5055,0
CS5056,0
CS5057,0
CS5058,0
CS5059,0
CS5060,0
CS5061,0
CS5062,0
CS5063,0
CS5064,0
CS5065,0
CS5066,0
CS5067,0
CS5068,0
CS5069,1
CS5070,0
CS5071,0
CS5072,0
CS5073,0
CS5074,0
CS5075,0
CS5076,1
CS5077,0
CS5078,0
CS5079,0
CS5080,0
CS5081,0
CS5082,0
CS5083,0
CS5084,0
CS5085,0
CS5086,1
CS5087,0
CS5088,0
CS5089,0
CS5090,0
CS5091,0
CS5092,0
CS5093,1
CS5094,0
CS5095,0
CS5096,1
CS5097,0
CS5098,0
CS5099,0
CS5100,0
CS5101,0
CS5102,0
CS5103,0
CS5104,0
CS5105,0
CS5106,0
CS5107,0
CS5108,0
CS5109,0
CS5110,0
CS5111,1
CS5112,0
CS5113,1
CS5114,0
CS5115,1
CS5116,0
CS5117,0
CS5118,0
CS5119,0
CS5120,0
CS5121,0
CS5122,0
CS5123,0
CS5124,1
CS5125,0
CS5126,0
CS5127,0
CS5128,0
CS5129,0
CS5130,0
CS5131,0
CS5132,0
CS5133,1
CS5134,0
CS5135,0
CS5136,0
CS5137,0
CS5138,0
CS5139,0
CS5140,0
CS5141,1
CS5142,0
CS5143,0
CS5144,0
CS5145,0
CS5146,0
CS5147,0
CS5148,0
CS5149,0
CS5150,0
CS5151,0
CS5152,0
CS5153,0
CS5154,0
CS5155,0
CS5156,0
CS5157,0
CS5158,0
CS5159,0
CS5160,1
CS5161,1
CS5162,0
CS5163,0
CS5164,0
CS5165,0
CS5166,0
CS5167,0
CS5168,0
CS5169,0
CS5170,0
CS5171,0
CS5172,0
CS5173,0
CS5174,1
CS5175,0
CS5176,1
CS5177,0
CS5178,0
CS5179,0
CS5180,0
CS5181,0
CS5182,0
CS5183,0
CS5184,0
CS5185,0
CS5186,0
CS5187,0
CS5188,0
CS5189,1
CS5190,0
CS5191,0
CS5192,0
CS5193,0
CS5194,0
CS5195,1
CS5196,0
CS5197,0
CS5198,0
CS5199,0
CS5200,0
CS5201,0
CS5202,0
CS5203,0
CS5204,0
CS5205,0
CS5206,0
CS5207,0
CS5208,0
CS5209,0
CS5210,0
CS5211,0
CS5212,0
CS5213,0
CS5214,0
CS5215,0
CS5216,0
CS5217,0
CS5218,0
CS5219,0
CS5220,0
CS5221,0
CS5222,0
CS5223,0
CS5224,0
CS5225,1
CS5226,0
CS5227,0
CS5228,0
CS5229,0
CS5230,0
CS5231,0
CS5232,0
CS5233,0
CS5234,0
CS5235,0
CS5236,0
CS5237,0
CS5238,0
CS5239,1
CS5240,1
CS5241,0
CS5242,0
CS5243,0
CS5244,0
CS5245,0
CS5246,0
CS5247,0
CS5248,0
CS5249,0
CS5250,0
CS5251,0
CS5252,0
CS5253,0
CS5254,0
CS5255,0
CS5256,0
CS5257,0
CS5258,0
CS5259,0
CS5260,1
CS5261,0
CS5262,0
CS5263,0
CS5264,0
CS5265,0
CS5266,1
CS5267,1
CS5268,0
CS5269,0
CS5270,0
CS5271,0
CS5272,0
CS5273,1
CS5274,0
CS5275,0
CS5276,0
CS5277,1
CS5278,0
CS5279,0
CS5280,1
CS5281,0
CS5282,0
CS5283,0
CS5284,0
CS5285,0
CS5286,0
CS5287,0
CS5288,0
CS5289,0
CS5290,0
CS5291,0
CS5292,1
CS5293,0
CS5294,1
CS5295,1
CS5296,0
CS5297,0
CS5298,0
CS5299,0
CS5300,0
CS5301,0
CS5302,0
CS5303,0
CS5304,0
CS5305,1
CS5306,0
CS5307,0
CS5308,1
CS5309,0
CS5310,0
CS5311,0
CS5312,0
CS5313,0
CS5314,0
CS5315,0
CS5316,0
CS5317,0
CS5318,0
CS5319,1
CS5320,0
CS5321,0
CS5322,0
CS5323,0
CS5324,0
CS5325,1
CS5326,1
CS5327,0
CS5328,0
CS5329,0
CS5330,0
CS5331,0
CS5332,1
CS5333,0
CS5334,0
CS5335,0
CS5336,0
CS5337,0
CS5338,0
CS5339,0
CS5340,0
CS5341,1
CS5342,0
CS5343,0
CS5344,0
CS5345,0
CS5346,0
CS5347,0
CS5348,0
CS5349,0
CS5350,0
CS5351,0
CS5352,0
CS5353,0
CS5354,0
CS5355,0
CS5356,1
CS5357,0
CS5358,0
CS5359,0
CS5360,0
CS5361,0
CS5362,1
CS5363,0
CS5364,0
CS5365,0
CS5366,0
CS5367,1
CS5368,0
CS5369,0
CS5370,1
CS5371,0
CS5372,0
CS5373,0
CS5374,0
CS5375,1
CS5376,0
CS5377,0
CS5378,0
CS5379,0
CS5380,0
CS5381,0
CS5382,1
CS5383,0
CS5384,0
CS5385,0
CS5386,1
CS5387,0
CS5388,0
CS5389,1
CS5390,0
CS5391,0
CS5392,0
CS5393,0
CS5394,0
CS5395,1
CS5396,0
CS5397,0
CS5398,0
CS5399,0
CS5400,0
CS5401,0
CS5402,0
CS5403,0
CS5404,1
CS5405,0
CS5406,1
CS5407,0
CS5408,0
CS5409,0
CS5410,0
CS5411,0
CS5412,1
CS5413,0
CS5414,0
CS5415,0
CS5416,0
CS5417,0
CS5418,0
CS5419,0
CS5420,0
CS5421,0
CS5422,0
CS5423,0
CS5424,1
CS5425,0
CS5426,0
CS5427,1
CS5428,0
CS5429,0
CS5430,1
CS5431,0
CS5432,0
CS5433,0
CS5434,0
CS5435,0
CS5436,0
CS5437,0
CS5438,0
CS5439,0
CS5440,0
CS5441,0
CS5442,0
CS5443,0
CS5444,0
CS5445,0
CS5446,0
CS5447,0
CS5448,0
CS5449,0
CS5450,0
CS5451,0
CS5452,0
CS5453,0
CS5454,0
CS5455,0
CS5456,0
CS5457,0
CS5458,0
CS5459,0
CS5460,0
CS5461,1
CS5462,0
CS5463,0
CS5464,0
CS5465,0
CS5466,0
CS5467,0
CS5468,0
CS5469,0
CS5470,0
CS5471,0
CS5472,0
CS5473,0
CS5474,0
CS5475,0
CS5476,0
CS5477,0
CS5478,0
CS5479,0
CS5480,1
CS5481,0
CS5482,1
CS5483,0
CS5484,1
CS5485,0
CS5486,0
CS5487,0
CS5488,0
CS5489,0
CS5490,0
CS5491,1
CS5492,0
CS5493,0
CS5494,0
CS5495,0
CS5496,0
CS5497,0
CS5498,0
CS5499,0
CS5500,0
CS5501,0
CS5502,0
CS5503,1
CS5504,0
CS5505,0
CS5506,0
CS5507,0
CS5508,1
CS5509,0
CS5510,0
CS5511,0
CS5512,0
CS5513,0
CS5514,1
CS5515,0
CS5516,0
CS5517,0
CS5518,0
CS5519,0
CS5520,0
CS5521,0
CS5522,0
CS5523,0
CS5524,1
CS5525,0
CS5526,0
CS5527,0
CS5528,0
CS5529,0
CS5530,0
CS5531,0
CS5532,0
CS5533,0
CS5534,0
CS5535,0
CS5536,0
CS5537,0
CS5538,0
CS5539,0
CS5540,0
CS5541,0
CS5542,0
CS5543,0
CS5544,0
CS5545,0
CS5546,0
CS5547,1
CS5548,0
CS5549,0
CS5550,0
CS5551,0
CS5552,0
CS5553,0
CS5554,0
CS5555,0
CS5556,0
CS5557,0
CS5558,0
CS5559,0
CS5560,0
CS5561,0
CS5562,0
CS5563,0
CS5564,0
CS5565,0
CS5566,0
CS5567,0
CS5568,0
CS5569,0
CS5570,0
CS5571,0
CS5572,0
CS5573,1
CS5574,0
CS5575,0
CS5576,0
CS5577,0
CS5578,0
CS5579,0
CS5580,0
CS5581,0
CS5582,0
CS5583,0
CS5584,0
CS5585,0
CS5586,0
CS5587,0
CS5588,0
CS5589,1
CS5590,0
CS5591,0
CS5592,0
CS5593,0
CS5594,1
CS5595,0
CS5596,0
CS5597,0
CS5598,1
CS5599,1
CS5600,0
CS5601,0
CS5602,0
CS5603,1
CS5604,0
CS5605,0
CS5606,0
CS5607,0
CS5608,0
CS5609,0
CS5610,0
CS5611,0
CS5612,0
CS5613,0
CS5614,0
CS5615,0
CS5616,0
CS5617,0
CS5618,0
CS5619,0
CS5620,1
CS5621,1
CS5622,0
CS5623,0
CS5624,0
CS5625,1
CS5626,0
CS5627,0
CS5628,0
CS5629,1
CS5630,1
CS5631,0
CS5632,0
CS5633,0
CS5634,0
CS5635,0
CS5636,0
CS5637,0
CS5638,0
CS5639,0
CS5640,0
CS5641,0
CS5642,0
CS5643,0
CS5644,1
CS5645,0
CS5646,0
CS5647,0
CS5648,0
CS5649,0
CS5650,0
CS5651,1
CS5652,0
CS5653,0
CS5654,1
CS5655,0
CS5656,1
CS5657,0
CS5658,1
CS5659,0
CS5660,0
CS5661,0
CS5662,0
CS5663,1
CS5664,0
CS5665,0
CS5666,0
CS5667,0
CS5668,0
CS5669,1
CS5670,0
CS5671,0
CS5672,0
CS5673,0
CS5674,0
CS5675,0
CS5676,0
CS5677,0
CS5678,0
CS5679,0
CS5680,0
CS5681,0
CS5682,0
CS5683,0
CS5684,0
CS5685,0
CS5686,0
CS5687,0
CS5688,0
CS5689,0
CS5690,0
CS5691,0
CS5692,0
CS5693,1
CS5694,0
CS5695,0
CS5696,0
CS5697,0
CS5698,0
CS5699,0
CS5700,0
CS5701,0
CS5702,0
CS5703,0
CS5704,0
CS5705,0
CS5706,0
CS5707,0
CS5708,0
CS5709,0
CS5710,0
CS5711,0
CS5712,0
CS5713,0
CS5714,1
CS5715,0
CS5716,0
CS5717,1
CS5718,0
CS5719,1
CS5720,0
CS5721,0
CS5722,0
CS5723,0
CS5724,0
CS5725,0
CS5726,0
CS5727,0
CS5728,0
CS5729,0
CS5730,0
CS5731,0
CS5732,0
CS5733,0
CS5734,0
CS5735,0
CS5736,0
CS5737,0
CS5738,0
CS5739,0
CS5740,0
CS5741,0
CS5742,0
CS5743,0
CS5744,1
CS5745,0
CS5746,0
CS5747,0
CS5748,0
CS5749,0
CS5750,0
CS5751,0
CS5752,0
CS5753,0
CS5754,0
CS5755,0
CS5756,0
CS5757,0
CS5758,0
CS5759,0
CS5760,0
CS5761,0
CS5762,0
CS5763,0
CS5764,0
CS5765,0
CS5766,1
CS5767,0
CS5768,0
CS5769,0
CS5770,0
CS5771,0
CS5772,0
CS5773,0
CS5774,0
CS5775,0
CS5776,0
CS5777,0
CS5778,0
CS5779,0
CS5780,1
CS5781,0
CS5782,1
CS5783,0
CS5784,0
CS5785,0
CS5786,0
CS5787,0
CS5788,0
CS5789,0
CS5790,0
CS5791,0
CS5792,0
CS5793,0
CS5794,0
CS5795,0
CS5796,0
CS5797,1
CS5798,0
CS5799,0
CS5800,0
CS5801,0
CS5802,0
CS5803,0
CS5804,0
CS5805,0
CS5806,0
CS5807,1
CS5808,1
CS5809,0
CS5810,0
CS5811,1
CS5812,0
CS5813,0
CS5814,1
CS5815,0
CS5816,1
CS5817,0
CS5818,0
CS5819,0
CS5820,0
CS5821,0
CS5822,0
CS5823,0
CS5824,0
CS5825,0
CS5826,0
CS5827,0
CS5828,0
CS5829,0
CS5830,0
CS5831,0
CS5832,0
CS5833,1
CS5834,0
CS5835,1
CS5836,0
CS5837,0
CS5838,0
CS5839,0
CS5840,0
CS5841,0
CS5842,0
CS5843,0
CS5844,0
CS5845,0
CS5846,0
CS5847,0
CS5848,0
CS5849,0
CS5850,0
CS5851,0
CS5852,0
CS5853,0
CS5854,0
CS5855,0
CS5856,0
CS5857,0
CS5858,1
CS5859,0
CS5860,0
CS5861,0
CS5862,0
CS5863,0
CS5864,0
CS5865,1
CS5866,0
CS5867,0
CS5868,1
CS5869,0
CS5870,0
CS5871,0
CS5872,1
CS5873,1
CS5874,0
CS5875,0
CS5876,0
CS5877,0
CS5878,0
CS5879,1
CS5880,0
CS5881,0
CS5882,1
CS5883,0
CS5884,0
CS5885,0
CS5886,0
CS5887,0
CS5888,1
CS5889,0
CS5890,0
CS5891,0
CS5892,0
CS5893,0
CS5894,0
CS5895,0
CS5896,0
CS5897,0
CS5898,0
CS5899,0
CS5900,0
CS5901,0
CS5902,0
CS5903,0
CS5904,0
CS5905,0
CS5906,0
CS5907,0
CS5908,0
CS5909,0
CS5910,0
CS5911,0
CS5912,0
CS5913,0
CS5914,0
CS5915,0
CS5916,0
CS5917,1
CS5918,0
CS5919,0
CS5920,0
CS5921,0
CS5922,1
CS5923,0
CS5924,0
CS5925,0
CS5926,0
CS5927,0
CS5928,0
CS5929,0
CS5930,0
CS5931,0
CS5932,0
CS5933,0
CS5934,1
CS5935,0
CS5936,0
CS5937,0
CS5938,0
CS5939,0
CS5940,0
CS5941,0
CS5942,0
CS5943,0
CS5944,1
CS5945,0
CS5946,0
CS5947,0
CS5948,0
CS5949,0
CS5950,0
CS5951,1
CS5952,0
CS5953,0
CS5954,0
CS5955,0
CS5956,1
CS5957,0
CS5958,0
CS5959,0
CS5960,0
CS5961,0
CS5962,0
CS5963,0
CS5964,0
CS5965,1
CS5966,0
CS5967,0
CS5968,0
CS5969,1
CS5970,0
CS5971,0
CS5972,0
CS5973,0
CS5974,0
CS5975,0
CS5976,0
CS5977,0
CS5978,0
CS5979,0
CS5980,0
CS5981,0
CS5982,0
CS5983,0
CS5984,0
CS5985,0
CS5986,0
CS5987,0
CS5988,0
CS5989,0
CS5990,0
CS5991,0
CS5992,0
CS5993,0
CS5994,0
CS5995,0
CS5996,0
CS5997,0
CS5998,1
CS5999,0
CS6000,0
CS6001,0
CS6002,0
CS6003,0
CS6004,0
CS6005,0
CS6006,1
CS6007,0
CS6008,1
CS6009,1
CS6010,0
CS6011,0
CS6012,0
CS6013,0
CS6014,0
CS6015,0
CS6016,0
CS6017,0
CS6018,0
CS6019,1
CS6020,0
CS6021,0
CS6022,0
CS6023,0
CS6024,0
CS6025,0
CS6026,0
CS6027,0
CS6028,0
CS6029,1
CS6030,0
CS6031,0
CS6032,0
CS6033,0
CS6034,0
CS6035,0
CS6036,0
CS6037,0
CS6038,0
CS6039,0
CS6040,0
CS6041,0
CS6042,0
CS6043,0
CS6044,0
CS6045,0
CS6046,0
CS6047,0
CS6048,0
CS6049,0
CS6050,0
CS6051,0
CS6052,0
CS6053,0
CS6054,0
CS6055,1
CS6056,0
CS6057,0
CS6058,0
CS6059,1
CS6060,1
CS6061,0
CS6062,0
CS6063,0
CS6064,0
CS6065,0
CS6066,0
CS6067,0
CS6068,0
CS6069,0
CS6070,0
CS6071,0
CS6072,0
CS6073,0
CS6074,0
CS6075,0
CS6076,0
CS6077,0
CS6078,0
CS6079,1
CS6080,0
CS6081,1
CS6082,0
CS6083,0
CS6084,0
CS6085,0
CS6086,1
CS6087,0
CS6088,0
CS6089,0
CS6090,0
CS6091,0
CS6092,0
CS6093,1
CS6094,0
CS6095,0
CS6096,0
CS6097,0
CS6098,1
CS6099,0
CS6100,0
CS6101,0
CS6102,0
CS6103,0
CS6104,0
CS6105,0
CS6106,0
CS6107,0
CS6108,0
CS6109,0
CS6110,0
CS6111,0
CS7112,0
CS7113,0
CS7114,0
CS7115,0
CS7116,0
CS7117,0
CS7118,0
CS7119,0
CS7120,0
CS7121,0
CS7122,0
CS7123,0
CS7124,0
CS7125,0
CS7126,0
CS7127,0
CS7128,0
CS7129,0
CS7130,0
CS7131,0
CS7132,0
CS7133,0
CS7134,0
CS7135,0
CS7136,0
CS7137,0
CS7138,0
CS7139,0
CS7140,0
CS7141,0
CS7142,1
CS7143,0
CS7144,0
CS7145,0
CS7146,0
CS7147,0
CS7148,0
CS7149,0
CS7150,0
CS7151,0
CS7152,0
CS7153,0
CS7154,0
CS7155,0
CS7156,0
CS7157,0
CS7158,0
CS7159,0
CS7160,0
CS7161,0
CS7162,0
CS7163,0
CS7164,0
CS7165,0
CS7166,0
CS7167,0
CS7168,0
CS7169,0
CS7170,0
CS7171,0
CS7172,0
CS7173,0
CS7174,0
CS7175,0
CS7176,0
CS7177,0
CS7178,1
CS7179,1
CS7180,0
CS7181,0
CS7182,1
CS7183,0
CS7184,0
CS7185,0
CS7186,0
CS7187,0
CS7188,0
CS7189,0
CS7190,0
CS7191,0
CS7192,0
CS7193,0
CS7194,0
CS7195,0
CS7196,0
CS7197,0
CS7198,0
CS7199,0
CS7200,0
CS7201,0
CS7202,0
CS7203,0
CS7204,0
CS7205,0
CS7206,0
CS7207,0
CS7208,0
CS7209,0
CS7210,0
CS7211,0
CS7212,0
CS7213,0
CS7214,0
CS7215,0
CS7216,0
CS7217,0
CS7218,0
CS7219,0
CS7220,0
CS7221,0
CS7222,0
CS7223,0
CS7224,0
CS7225,0
CS7226,0
CS7227,1
CS7228,0
CS7229,0
CS7230,0
CS7231,0
CS7232,0
CS7233,0
CS7234,0
CS7235,0
CS7236,0
CS7237,0
CS7238,0
CS7239,0
CS7240,0
CS7241,1
CS7242,0
CS7243,0
CS7244,0
CS7245,0
CS7246,0
CS7247,0
CS7248,0
CS7249,0
CS7250,0
CS7251,0
CS7252,0
CS7253,0
CS7254,0
CS7255,0
CS7256,0
CS7257,0
CS7258,0
CS7259,0
CS7260,0
CS7261,0
CS7262,0
CS7263,0
CS7264,0
CS7265,0
CS7266,0
CS7267,0
CS7268,0
CS7269,0
CS7270,0
CS7271,0
CS7272,0
CS7273,0
CS7274,0
CS7275,0
CS7276,0
CS7277,0
CS7278,0
CS7279,0
CS7280,0
CS7281,0
CS7282,0
CS7283,0
CS7284,0
CS7285,0
CS7286,0
CS7287,0
CS7288,0
CS7289,0
CS7290,0
CS7291,0
CS7292,0
CS7293,0
CS7294,0
CS7295,0
CS7296,0
CS7298,0
CS7299,0
CS7300,0
CS7301,0
CS7302,0
CS7303,0
CS7304,0
CS7305,0
CS7306,0
CS7307,0
CS7308,0
CS7309,0
CS7310,0
CS7311,0
CS7312,0
CS7313,0
CS7314,0
CS7315,0
CS7316,0
CS7317,0
CS7318,0
CS7319,0
CS7320,1
CS7321,0
CS7322,0
CS7323,0
CS7324,0
CS7325,0
CS7326,0
CS7327,0
CS7328,0
CS7329,0
CS7330,0
CS7331,0
CS7332,0
CS7333,0
CS7334,0
CS7335,0
CS7336,0
CS7337,0
CS7338,0
CS7339,0
CS7340,0
CS7341,0
CS7342,0
CS7343,0
CS7344,0
CS7345,0
CS7346,0
CS7347,0
CS7348,0
CS7349,0
CS7350,0
CS7351,0
CS7352,0
CS7353,0
CS7354,0
CS7355,1
CS7356,0
CS7357,0
CS7358,0
CS7359,0
CS7360,0
CS7361,0
CS7362,0
CS7363,0
CS7364,0
CS7365,0
CS7366,0
CS7367,0
CS7368,0
CS7369,0
CS7370,1
CS7371,0
CS7372,0
CS7373,0
CS7374,0
CS7375,0
CS7376,0
CS7377,0
CS7378,0
CS7379,0
CS7380,0
CS7381,0
CS7382,0
CS7383,0
CS7384,0
CS7385,0
CS7386,0
CS7387,0
CS7388,0
CS7389,0
CS7390,0
CS7391,0
CS7392,0
CS7393,0
CS7394,0
CS7395,0
CS7396,0
CS7397,0
CS7398,0
CS7399,0
CS7400,0
CS7401,0
CS7402,0
CS7403,0
CS7404,0
CS7405,0
CS7406,0
CS7407,0
CS7408,0
CS7409,0
CS7410,0
CS7411,0
CS7412,0
CS7414,0
CS7415,0
CS7416,0
CS7417,0
CS7418,1
CS7419,0
CS7420,0
CS7421,0
CS7422,0
CS7423,0
CS7424,0
CS7425,0
CS7426,0
CS7427,0
CS7428,0
CS7429,0
CS7430,0
CS7431,0
CS7432,0
CS7433,0
CS7434,0
CS7435,0
CS7436,0
CS7437,0
CS7438,0
CS7439,0
CS7440,0
CS7441,0
CS7442,0
CS7443,0
CS7444,0
CS7445,0
CS7446,0
CS7447,0
CS7448,0
CS7449,0
CS7450,0
CS7451,0
CS7452,0
CS7453,0
CS7454,0
CS7455,0
CS7456,0
CS7457,0
CS7458,0
CS7459,0
CS7460,0
CS7461,0
CS7462,1
CS7463,0
CS7464,0
CS7465,0
CS7466,0
CS7467,0
CS7468,0
CS7469,0
CS7470,0
CS7471,0
CS7472,0
CS7473,0
CS7474,0
CS7475,0
CS7476,0
CS7477,0
CS7478,0
CS7479,0
CS7480,0
CS7481,0
CS7482,0
CS7483,0
CS7484,0
CS7485,0
CS7486,0
CS7487,0
CS7488,0
CS7489,0
CS7490,0
CS7491,0
CS7492,0
CS7493,0
CS7494,0
CS7495,0
CS7496,0
CS7497,0
CS7498,0
CS7499,0
CS7500,0
CS7501,0
CS7502,0
CS7503,0
CS7504,0
CS7505,0
CS7506,0
CS7507,0
CS7508,0
CS7509,1
CS7510,0
CS7511,0
CS7512,0
CS7513,0
CS7514,0
CS7515,0
CS7516,0
CS7517,0
CS7518,0
CS7519,0
CS7520,0
CS7521,0
CS7522,0
CS7523,0
CS7524,0
CS7525,0
CS7526,0
CS7527,0
CS7528,0
CS7529,0
CS7530,0
CS7531,0
CS7532,0
CS7533,0
CS7534,0
CS7535,0
CS7536,0
CS7537,0
CS7538,1
CS7539,0
CS7540,0
CS7541,1
CS7542,0
CS7543,0
CS7544,0
CS7545,0
CS7546,0
CS7547,0
CS7548,0
CS7549,0
CS7550,0
CS7551,0
CS7552,0
CS7553,0
CS7554,0
CS7555,0
CS7556,0
CS7557,0
CS7558,0
CS7559,0
CS7560,0
CS7561,0
CS7562,0
CS7563,0
CS7564,0
CS7565,0
CS7566,0
CS7567,0
CS7568,0
CS7569,0
CS7570,0
CS7571,0
CS7572,0
CS7573,0
CS7574,0
CS7575,0
CS7576,0
CS7577,0
CS7578,0
CS7579,0
CS7580,0
CS7581,0
CS7582,0
CS7583,0
CS7584,0
CS7585,0
CS7586,0
CS7587,0
CS7588,0
CS7589,0
CS7590,0
CS7591,0
CS7592,0
CS7593,0
CS7594,0
CS7595,0
CS7596,0
CS7597,0
CS7598,0
CS7599,0
CS7600,0
CS7601,0
CS7602,0
CS7603,0
CS7604,0
CS7605,0
CS7606,0
CS7607,0
CS7608,0
CS7609,0
CS7610,0
CS7611,0
CS7612,0
CS7613,0
CS7614,0
CS7615,0
CS7616,0
CS7617,0
CS7618,0
CS7619,0
CS7620,0
CS7621,0
CS7622,0
CS7623,0
CS7624,0
CS7625,0
CS7626,0
CS7627,0
CS7628,0
CS7629,0
CS7630,0
CS7631,0
CS7632,0
CS7633,0
CS7634,0
CS7635,0
CS7636,1
CS7637,0
CS7639,0
CS7640,1
CS7641,0
CS7642,0
CS7643,0
CS7644,0
CS7645,0
CS7646,0
CS7647,0
CS7648,0
CS7649,0
CS7650,0
CS7651,0
CS7652,0
CS7653,0
CS7654,0
CS7655,0
CS7656,0
CS7657,0
CS7658,0
CS7659,0
CS7660,0
CS7661,0
CS7662,0
CS7663,0
CS7664,0
CS7665,0
CS7666,0
CS7667,0
CS7668,0
CS7669,0
CS7670,0
CS7671,0
CS7672,0
CS7673,1
CS7674,0
CS7675,0
CS7676,0
CS7677,0
CS7678,0
CS7679,0
CS7680,0
CS7681,0
CS7682,0
CS7683,0
CS7684,0
CS7685,0
CS7686,0
CS7687,0
CS7688,0
CS7689,0
CS7690,0
CS7691,0
CS7692,0
CS7693,0
CS7694,0
CS7695,0
CS7696,0
CS7697,0
CS7698,0
CS7699,0
CS7700,0
CS7701,0
CS7702,0
CS7703,0
CS7704,0
CS7705,0
CS7706,0
CS7707,0
CS7708,0
CS7709,0
CS7710,0
CS7711,0
CS7712,0
CS7713,0
CS7714,0
CS7715,0
CS7716,0
CS7717,0
CS7718,0
CS7719,0
CS7720,0
CS7721,0
CS7722,0
CS7723,0
CS7724,0
CS7725,0
CS7726,0
CS7727,0
CS7728,0
CS7729,0
CS7730,0
CS7731,0
CS7732,0
CS7733,0
CS7734,0
CS7735,0
CS7736,0
CS7737,0
CS7738,0
CS7739,0
CS7740,0
CS7741,0
CS7742,0
CS7743,0
CS7744,0
CS7745,0
CS7746,0
CS7747,0
CS7748,0
CS7749,0
CS7750,0
CS7751,0
CS7752,0
CS7753,0
CS7754,0
CS7755,0
CS7756,0
CS7757,0
CS7758,0
CS7759,0
CS7760,0
CS7761,0
CS7762,0
CS7763,0
CS7764,0
CS7765,0
CS7766,0
CS7767,0
CS7768,0
CS7769,0
CS7770,0
CS7771,0
CS7772,0
CS7773,1
CS7774,0
CS7775,0
CS7776,0
CS7777,0
CS7778,0
CS7779,0
CS7780,0
CS7781,0
CS7782,0
CS7783,0
CS7784,0
CS7785,0
CS7786,0
CS7787,0
CS7788,0
CS7789,0
CS7790,0
CS7791,0
CS7792,0
CS7793,0
CS7794,0
CS7795,0
CS7796,0
CS7797,0
CS7798,0
CS7799,0
CS7800,0
CS7801,0
CS7802,0
CS7803,0
CS7804,0
CS7805,0
CS7806,0
CS7807,0
CS7808,0
CS7809,0
CS7810,0
CS7811,0
CS7812,0
CS7813,0
CS7814,0
CS7815,0
CS7816,0
CS7817,0
CS7818,0
CS7819,0
CS7820,0
CS7821,0
CS7822,0
CS7823,0
CS7824,0
CS7825,1
CS7826,0
CS7827,0
CS7828,0
CS7829,0
CS7830,0
CS7831,0
CS7832,0
CS7833,0
CS7834,0
CS7835,0
CS7836,0
CS7837,0
CS7838,0
CS7839,0
CS7840,0
CS7841,0
CS7842,0
CS7843,0
CS7844,0
CS7845,0
CS7846,1
CS7847,0
CS7848,0
CS7849,0
CS7850,0
CS7851,0
CS7852,0
CS7853,0
CS7854,0
CS7855,0
CS7856,0
CS7857,0
CS7858,0
CS7859,0
CS7860,0
CS7861,1
CS7862,0
CS7863,0
CS7864,0
CS7865,0
CS7866,0
CS7867,0
CS7868,0
CS7869,0
CS7870,0
CS7871,0
CS7872,0
CS7873,0
CS7874,0
CS7875,0
CS7876,0
CS7877,0
CS7878,0
CS7879,0
CS7880,0
CS7881,0
CS7882,0
CS7883,0
CS7884,0
CS7885,0
CS7886,0
CS7887,0
CS7888,1
CS7889,0
CS7890,0
CS7891,0
CS7892,0
CS7893,0
CS7894,0
CS7895,0
CS7896,0
CS7897,0
CS7898,0
CS7899,0
CS7900,0
CS7901,0
CS7902,0
CS7903,0
CS7904,0
CS7905,0
CS7906,0
CS7907,0
CS7908,0
CS7909,0
CS7910,0
CS7911,0
CS7912,0
CS7913,0
CS7914,0
CS7915,0
CS7916,0
CS7917,0
CS7918,0
CS7919,0
CS7920,0
CS7921,0
CS7922,0
CS7923,0
CS7924,0
CS7925,0
CS7926,0
CS7927,0
CS7928,0
CS7929,0
CS7930,1
CS7931,0
CS7932,0
CS7933,0
CS7934,0
CS7935,0
CS7936,0
CS7937,0
CS7938,0
CS7939,0
CS7940,1
CS7941,0
CS7942,0
CS7943,0
CS7944,0
CS7945,0
CS7946,0
CS7947,0
CS7948,0
CS7949,1
CS7950,0
CS7951,0
CS7952,0
CS7953,0
CS7954,0
CS7955,0
CS7956,0
CS7957,0
CS7958,0
CS7959,0
CS7960,0
CS7961,0
CS7962,0
CS7963,0
CS7964,0
CS7965,0
CS7966,0
CS7967,0
CS7968,0
CS7969,0
CS7970,0
CS7971,0
CS7972,0
CS7973,0
CS7974,0
CS7975,0
CS7976,0
CS7977,0
CS7978,0
CS7979,0
CS7980,0
CS7981,0
CS7982,0
CS7983,0
CS7984,0
CS7985,0
CS7986,0
CS7987,0
CS7988,0
CS7989,0
CS7990,0
CS7991,0
CS7992,0
CS7993,0
CS7994,0
CS7995,0
CS7996,0
CS7997,0
CS7998,0
CS7999,0
CS8000,0
CS8001,0
CS8002,0
CS8003,0
CS8004,0
CS8005,0
CS8006,0
CS8007,0
CS8008,0
CS8009,0
CS8010,0
CS8011,0
CS8012,0
CS8013,0
CS8014,0
CS8015,0
CS8016,0
CS8017,0
CS8018,0
CS8019,0
CS8020,0
CS8021,0
CS8022,0
CS8023,0
CS8024,0
CS8025,0
CS8026,0
CS8027,0
CS8028,0
CS8029,0
CS8030,0
CS8031,0
CS8032,0
CS8033,0
CS8034,0
CS8035,0
CS8036,0
CS8037,0
CS8038,0
CS8039,0
CS8040,0
CS8041,0
CS8042,0
CS8043,0
CS8044,0
CS8045,0
CS8046,0
CS8047,0
CS8048,0
CS8049,0
CS8050,0
CS8051,0
CS8052,0
CS8053,0
CS8054,0
CS8055,0
CS8056,0
CS8057,0
CS8058,0
CS8059,0
CS8060,0
CS8061,0
CS8062,0
CS8063,0
CS8064,0
CS8065,0
CS8066,0
CS8067,0
CS8068,0
CS8069,0
CS8070,0
CS8071,0
CS8072,0
CS8073,0
CS8074,0
CS8075,0
CS8076,0
CS8077,0
CS8078,0
CS8079,1
CS8080,0
CS8081,1
CS8082,0
CS8083,0
CS8084,0
CS8085,0
CS8086,0
CS8087,0
CS8088,0
CS8089,0
CS8090,0
CS8091,0
CS8092,0
CS8093,0
CS8094,0
CS8095,0
CS8096,0
CS8097,0
CS8098,0
CS8099,0
CS8100,0
CS8101,0
CS8102,0
CS8103,0
CS8104,1
CS8105,0
CS8106,0
CS8107,0
CS8108,0
CS8109,0
CS8110,0
CS8111,0
CS8112,0
CS8113,0
CS8114,0
CS8115,0
CS8116,0
CS8117,0
CS8118,0
CS8119,0
CS8120,0
CS8121,0
CS8122,0
CS8123,0
CS8124,0
CS8125,0
CS8126,0
CS8127,0
CS8128,0
CS8129,0
CS8130,0
CS8131,0
CS8132,0
CS8133,0
CS8134,0
CS8135,0
CS8136,0
CS8137,0
CS8138,0
CS8139,0
CS8140,0
CS8141,0
CS8142,0
CS8143,0
CS8144,0
CS8145,0
CS8146,0
CS8147,0
CS8148,0
CS8149,0
CS8150,0
CS8151,0
CS8152,0
CS8153,0
CS8154,0
CS8155,0
CS8156,0
CS8157,0
CS8158,0
CS8159,0
CS8160,0
CS8161,0
CS8162,0
CS8163,0
CS8164,0
CS8165,0
CS8166,0
CS8167,1
CS8168,0
CS8169,0
CS8170,0
CS8171,0
CS8172,0
CS8173,0
CS8174,0
CS8175,0
CS8176,0
CS8177,0
CS8178,0
CS8179,0
CS8180,0
CS8181,0
CS8182,0
CS8183,0
CS8184,0
CS8185,0
CS8186,0
CS8187,0
CS8188,0
CS8189,0
CS8190,0
CS8191,0
CS8192,0
CS8193,0
CS8194,0
CS8195,0
CS8196,0
CS8197,0
CS8198,0
CS8199,0
CS8200,0
CS8201,0
CS8202,0
CS8203,0
CS8204,0
CS8205,0
CS8206,0
CS8207,0
CS8208,0
CS8209,0
CS8210,0
CS8211,0
CS8212,0
CS8213,0
CS8214,0
CS8215,0
CS8216,0
CS8217,0
CS8218,0
CS8219,0
CS8220,0
CS8221,0
CS8222,0
CS8223,0
CS8224,0
CS8225,0
CS8226,0
CS8227,0
CS8228,0
CS8229,0
CS8230,0
CS8231,0
CS8232,0
CS8233,0
CS8234,0
CS8235,0
CS8236,0
CS8237,0
CS8238,0
CS8239,0
CS8240,0
CS8241,0
CS8242,0
CS8243,0
CS8244,0
CS8245,0
CS8246,0
CS8247,0
CS8248,0
CS8249,0
CS8250,0
CS8251,0
CS8252,0
CS8253,0
CS8254,0
CS8255,0
CS8256,0
CS8257,0
CS8258,0
CS8259,0
CS8260,0
CS8261,0
CS8262,0
CS8263,0
CS8264,0
CS8265,0
CS8266,0
CS8267,0
CS8268,0
CS8269,0
CS8270,0
CS8271,0
CS8272,0
CS8273,0
CS8274,0
CS8275,0
CS8276,0
CS8277,0
CS8278,0
CS8279,0
CS8280,0
CS8281,0
CS8282,0
CS8283,0
CS8284,0
CS8285,0
CS8286,0
CS8287,0
CS8288,0
CS8289,0
CS8290,0
CS8291,0
CS8292,1
CS8293,0
CS8294,0
CS8295,0
CS8296,0
CS8297,0
CS8298,0
CS8299,0
CS8300,0
CS8301,0
CS8302,0
CS8303,0
CS8304,0
CS8305,0
CS8306,0
CS8307,0
CS8308,0
CS8309,0
CS8310,1
CS8311,0
CS8312,0
CS8313,0
CS8314,0
CS8315,0
CS8316,1
CS8317,0
CS8318,0
CS8319,0
CS8320,0
CS8321,0
CS8322,0
CS8323,0
CS8324,0
CS8325,0
CS8326,0
CS8327,0
CS8328,0
CS8329,0
CS8330,0
CS8331,0
CS8332,0
CS8333,0
CS8334,0
CS8335,0
CS8336,0
CS8337,0
CS8338,0
CS8339,0
CS8340,0
CS8341,0
CS8342,0
CS8343,0
CS8344,0
CS8345,0
CS8346,1
CS8347,0
CS8348,0
CS8349,0
CS8350,0
CS8351,0
CS8352,0
CS8353,0
CS8354,0
CS8355,0
CS8356,0
CS8357,0
CS8358,0
CS8359,0
CS8360,0
CS8361,0
CS8362,0
CS8363,0
CS8364,0
CS8365,0
CS8366,0
CS8367,0
CS8368,0
CS8369,0
CS8370,0
CS8371,0
CS8372,0
CS8373,0
CS8374,0
CS8375,0
CS8377,0
CS8378,0
CS8379,0
CS8380,0
CS8381,0
CS8382,0
CS8383,0
CS8384,0
CS8385,0
CS8386,0
CS8387,0
CS8388,0
CS8389,0
CS8390,0
CS8391,0
CS8392,0
CS8393,0
CS8394,0
CS8395,0
CS8396,0
CS8397,0
CS8398,0
CS8399,0
CS8400,0
CS8401,0
CS8402,0
CS8403,0
CS8404,0
CS8405,0
CS8406,0
CS8407,0
CS8408,0
CS8409,0
CS8410,0
CS8411,0
CS8412,0
CS8413,0
CS8414,0
CS8415,0
CS8416,0
CS8417,0
CS8418,0
CS8419,0
CS8420,0
CS8421,0
CS8422,0
CS8423,0
CS8424,0
CS8425,0
CS8426,0
CS8427,0
CS8428,0
CS8429,0
CS8430,1
CS8431,0
CS8432,0
CS8433,0
CS8434,0
CS8435,0
CS8436,0
CS8437,0
CS8438,0
CS8439,0
CS8440,0
CS8441,0
CS8442,1
CS8443,0
CS8444,0
CS8445,0
CS8446,0
CS8447,0
CS8448,0
CS8449,0
CS8450,0
CS8451,0
CS8452,0
CS8453,0
CS8454,0
CS8455,0
CS8456,0
CS8457,1
CS8458,0
CS8459,1
CS8460,0
CS8461,0
CS8462,0
CS8463,0
CS8464,0
CS8465,0
CS8466,0
CS8467,0
CS8468,0
CS8469,0
CS8470,0
CS8471,0
CS8472,0
CS8473,0
CS8474,0
CS8475,0
CS8476,0
CS8477,0
CS8478,0
CS8479,0
CS8480,0
CS8481,0
CS8482,0
CS8483,0
CS8484,0
CS8485,0
CS8486,0
CS8487,0
CS8488,0
CS8489,0
CS8490,0
CS8491,0
CS8492,0
CS8493,0
CS8494,0
CS8495,0
CS8496,0
CS8497,0
CS8498,0
CS8499,0
CS8500,0
CS8501,0
CS8502,0
CS8503,0
CS8504,0
CS8505,0
CS8506,0
CS8507,0
CS8508,0
CS8509,0
CS8510,0
CS8511,0
CS8512,0
CS8513,1
CS8514,0
CS8515,0
CS8516,0
CS8517,0
CS8518,0
CS8519,0
CS8520,0
CS8521,0
CS8522,0
CS8523,0
CS8524,1
CS8525,0
CS8526,0
CS8527,0
CS8528,0
CS8529,0
CS8530,0
CS8531,0
CS8532,0
CS8533,0
CS8534,0
CS8535,0
CS8536,0
CS8537,0
CS8538,0
CS8539,0
CS8540,0
CS8541,1
CS8542,0
CS8543,0
CS8544,1
CS8545,0
CS8546,0
CS8547,0
CS8548,0
CS8549,0
CS8550,0
CS8551,0
CS8552,0
CS8553,0
CS8554,0
CS8555,0
CS8556,0
CS8557,0
CS8558,0
CS8559,0
CS8560,0
CS8561,0
CS8562,0
CS8563,0
CS8564,0
CS8565,0
CS8566,0
CS8567,0
CS8568,0
CS8569,0
CS8570,0
CS8571,0
CS8572,0
CS8573,0
CS8574,0
CS8575,0
CS8576,0
CS8577,0
CS8578,0
CS8579,0
CS8580,1
CS8581,0
CS8582,0
CS8583,0
CS8584,0
CS8585,0
CS8586,0
CS8587,0
CS8588,0
CS8589,0
CS8590,0
CS8591,1
CS8592,0
CS8593,0
CS8594,0
CS8595,0
CS8596,0
CS8597,0
CS8598,0
CS8599,0
CS8600,0
CS8601,0
CS8602,0
CS8603,0
CS8604,0
CS8605,0
CS8606,0
CS8607,0
CS8608,0
CS8609,0
CS8610,0
CS8611,0
CS8612,0
CS8613,0
CS8614,0
CS8615,0
CS8616,0
CS8617,0
CS8618,0
CS8619,0
CS8620,0
CS8621,0
CS8622,0
CS8623,0
CS8624,0
CS8625,0
CS8626,0
CS8627,0
CS8628,0
CS8629,0
CS8630,0
CS8631,0
CS8632,0
CS8633,0
CS8634,0
CS8635,0
CS8636,0
CS8637,0
CS8638,0
CS8639,0
CS8640,0
CS8641,0
CS8642,0
CS8643,0
CS8644,1
CS8645,0
CS8646,0
CS8647,0
CS8648,0
CS8649,0
CS8650,0
CS8651,0
CS8652,0
CS8653,0
CS8654,0
CS8655,0
CS8656,0
CS8657,0
CS8658,0
CS8659,0
CS8660,0
CS8661,0
CS8662,0
CS8663,0
CS8664,0
CS8665,0
CS8666,0
CS8667,0
CS8668,0
CS8669,0
CS8670,0
CS8671,0
CS8672,0
CS8673,0
CS8674,0
CS8675,0
CS8676,0
CS8677,0
CS8678,0
CS8679,0
CS8680,0
CS8681,0
CS8682,0
CS8683,0
CS8684,0
CS8685,0
CS8686,0
CS8687,0
CS8688,0
CS8689,0
CS8690,0
CS8691,0
CS8692,0
CS8693,0
CS8694,0
CS8695,0
CS8696,0
CS8697,0
CS8698,0
CS8699,0
CS8700,0
CS8701,0
CS8702,0
CS8703,0
CS8704,0
CS8705,0
CS8706,0
CS8707,0
CS8708,0
CS8709,0
CS8710,0
CS8711,1
CS8712,0
CS8713,0
CS8714,0
CS8715,0
CS8716,0
CS8717,0
CS8718,0
CS8719,0
CS8720,0
CS8721,0
CS8722,0
CS8723,0
CS8724,0
CS8725,0
CS8726,0
CS8727,0
CS8728,0
CS8729,0
CS8730,0
CS8731,0
CS8732,0
CS8733,0
CS8734,0
CS8735,0
CS8736,0
CS8737,0
CS8738,0
CS8739,0
CS8740,0
CS8741,0
CS8742,0
CS8743,0
CS8744,0
CS8745,0
CS8746,0
CS8747,0
CS8748,0
CS8749,0
CS8750,0
CS8751,0
CS8752,0
CS8754,0
CS8755,0
CS8756,0
CS8757,0
CS8758,0
CS8759,0
CS8760,0
CS8761,0
CS8762,1
CS8763,0
CS8764,0
CS8765,0
CS8766,0
CS8767,0
CS8768,0
CS8769,0
CS8770,0
CS8771,0
CS8772,0
CS8773,0
CS8774,0
CS8775,0
CS8776,0
CS8777,0
CS8778,0
CS8779,0
CS8780,0
CS8781,0
CS8782,0
CS8783,0
CS8784,0
CS8785,0
CS8786,0
CS8787,0
CS8788,0
CS8789,0
CS8790,0
CS8791,0
CS8792,0
CS8793,0
CS8794,0
CS8795,0
CS8796,0
CS8797,0
CS8798,0
CS8799,0
CS8800,0
CS8801,0
CS8802,0
CS8803,0
CS8804,0
CS8805,0
CS8806,0
CS8807,0
CS8808,0
CS8809,0
CS8810,0
CS8811,0
CS8812,0
CS8813,0
CS8814,0
CS8815,0
CS8816,0
CS8817,0
CS8818,0
CS8819,0
CS8820,0
CS8821,0
CS8822,0
CS8823,0
CS8824,0
CS8825,0
CS8826,0
CS8827,0
CS8828,0
CS8829,0
CS8830,0
CS8831,0
CS8832,0
CS8833,0
CS8834,0
CS8835,0
CS8836,0
CS8837,0
CS8838,0
CS8839,0
CS8840,0
CS8841,0
CS8842,0
CS8843,0
CS8844,0
CS8845,1
CS8846,0
CS8847,0
CS8848,0
CS8849,0
CS8850,0
CS8851,0
CS8852,0
CS8853,0
CS8854,0
CS8855,1
CS8856,0
CS8857,0
CS8858,0
CS8859,0
CS8860,0
CS8861,0
CS8862,0
CS8863,0
CS8864,0
CS8865,0
CS8866,0
CS8867,0
CS8868,0
CS8869,0
CS8870,0
CS8871,0
CS8872,0
CS8873,0
CS8874,0
CS8875,0
CS8876,0
CS8877,0
CS8878,0
CS8879,0
CS8880,0
CS8881,0
CS8882,0
CS8883,0
CS8884,0
CS8885,0
CS8886,0
CS8887,0
CS8888,0
CS8889,0
CS8890,0
CS8891,0
CS8892,0
CS8893,0
CS8894,0
CS8895,0
CS8896,0
CS8897,0
CS8898,0
CS8899,0
CS8900,0
CS8901,0
CS8902,0
CS8903,0
CS8904,0
CS8905,1
CS8906,0
CS8907,0
CS8908,0
CS8909,0
CS8910,0
CS8911,0
CS8912,0
CS8913,0
CS8914,0
CS8915,0
CS8916,0
CS8917,0
CS8918,0
CS8919,0
CS8920,0
CS8921,0
CS8922,0
CS8923,0
CS8924,0
CS8925,0
CS8926,0
CS8927,0
CS8928,0
CS8929,0
CS8930,0
CS8931,0
CS8932,0
CS8933,0
CS8934,0
CS8935,0
CS8936,0
CS8937,0
CS8938,0
CS8939,0
CS8940,0
CS8941,0
CS8942,0
CS8943,0
CS8944,0
CS8945,0
CS8946,0
CS8947,0
CS8948,0
CS8949,0
CS8950,0
CS8951,0
CS8952,0
CS8953,0
CS8954,0
CS8955,0
CS8956,0
CS8957,0
CS8958,0
CS8959,0
CS8960,0
CS8961,0
CS8962,0
CS8963,0
CS8964,0
CS8965,0
CS8966,0
CS8967,0
CS8968,0
CS8969,0
CS8970,0
CS8971,1
CS8972,0
CS8973,0
CS8974,0
CS8975,0
CS8976,0
CS8977,0
CS8978,0
CS8979,0
CS8980,0
CS8981,0
CS8982,0
CS8983,0
CS8984,0
CS8985,0
CS8986,0
CS8987,0
CS8988,0
CS8989,0
CS8990,0
CS8991,0
CS8992,0
CS8993,0
CS8994,0
CS8995,0
CS8996,0
CS8997,0
CS8998,0
CS8999,0
CS9000,0
