phone number,international plan,voice mail plan,account length,number vmail messages,total day minutes,total day calls,total day charge,total eve minutes,total eve calls,total eve charge,total night minutes,total night calls,total night charge,total intl minutes,total intl calls,total intl charge,customer service calls,churn
382-4657,0,1,128,25,265.1,110,45.07,197.4,99,16.78,244.7,91,11.01,10,3,2.7,1,0
371-7191,0,1,107,26,161.6,123,27.47,195.5,103,16.62,254.4,103,11.45,13.7,3,3.7,1,0
358-1921,0,0,137,0,243.4,114,41.38,121.2,110,10.3,162.6,104,7.32,12.2,5,3.29,0,0
391-8027,1,0,118,0,223.4,98,37.98,220.6,101,18.75,203.9,118,9.18,6.3,6,1.7,0,0
355-9993,0,1,121,24,218.2,88,37.09,348.5,108,29.62,212.6,118,9.57,7.5,7,2.03,3,0
329-9001,1,0,147,0,157,79,26.69,103.1,94,8.76,211.8,96,9.53,7.1,6,1.92,0,0
335-4719,0,0,117,0,184.5,97,31.37,351.6,80,29.89,215.8,90,9.71,8.7,4,2.35,1,0
330-8173,1,1,141,37,258.6,84,43.96,222,111,18.87,326.4,97,14.69,11.2,5,3.02,0,0
363-1107,0,0,168,0,128.8,96,21.9,104.9,71,8.92,141.1,128,6.35,11.2,2,3.02,1,0
394-8006,0,0,95,0,156.6,88,26.62,247.6,75,21.05,192.3,115,8.65,12.3,5,3.32,3,0
386-2923,0,0,93,0,190.7,114,32.42,218.2,111,18.55,129.6,121,5.83,8.1,3,2.19,3,0
396-5800,0,0,147,0,155.1,117,26.37,239.7,93,20.37,208.8,133,9.4,10.6,4,2.86,0,0
358-1958,0,0,130,0,183,112,31.11,72.9,99,6.2,181.8,78,8.18,9.5,19,2.57,0,0
350-2565,0,0,111,0,110.4,103,18.77,137.3,102,11.67,189.6,105,8.53,7.7,6,2.08,2,0
343-4696,0,0,132,0,81.1,86,13.79,245.2,72,20.84,237,115,10.67,10.3,2,2.78,0,0
331-3698,0,0,174,0,124.3,76,21.13,277.1,112,23.55,250.7,115,11.28,15.5,5,4.19,3,0
416-8428,0,0,142,0,84.8,95,14.42,136.7,63,11.62,250.5,148,11.27,14.2,6,3.83,2,0
383-1121,0,0,172,0,212,121,36.04,31.2,115,2.65,293.3,78,13.2,12.6,10,3.4,3,0
402-1381,1,1,136,33,203.9,106,34.66,187.6,99,15.95,101.7,107,4.58,10.5,6,2.84,3,0
332-9891,0,0,149,0,140.4,94,23.87,271.8,92,23.1,188.3,108,8.47,11.1,9,3,1,0
372-9976,0,0,98,0,126.3,102,21.47,166.8,85,14.18,187.8,135,8.45,9.4,2,2.54,3,0
390-7274,0,0,160,0,85.8,77,14.59,165.3,110,14.05,178.5,92,8.03,9.2,4,2.48,3,0
364-1995,0,0,142,0,187,133,31.79,134.6,74,11.44,242.2,127,10.9,7.4,5,2,2,0
405-7146,0,1,97,24,133.2,135,22.64,217.2,58,18.46,70.6,79,3.18,11,3,2.97,1,0
404-3211,0,0,96,0,160.2,117,27.23,267.5,67,22.74,228.5,68,10.28,9.3,5,2.51,2,0
340-5121,0,0,141,0,126.9,98,21.57,180,62,15.3,140.8,128,6.34,8,2,2.16,1,0
355-7251,0,0,125,0,229.3,103,38.98,177.4,126,15.08,189.3,95,8.52,12,8,3.24,1,0
359-5893,0,0,174,0,192.1,97,32.66,169.9,94,14.44,166.6,54,7.5,11.4,4,3.08,1,0
405-3371,0,1,116,34,268.6,83,45.66,178.2,142,15.15,166.3,106,7.48,11.6,3,3.13,2,0
332-8160,0,1,149,28,180.7,92,30.72,187.8,64,15.96,265.5,53,11.95,12.6,3,3.4,3,0
365-9011,1,0,113,0,125.2,93,21.28,206.4,119,17.54,129.3,139,5.82,8.3,8,2.24,0,0
338-9472,0,0,126,0,211.6,70,35.97,216.9,80,18.44,153.5,60,6.91,7.8,1,2.11,1,0
359-1231,0,0,138,0,241.8,93,41.11,170.5,83,14.49,295.3,104,13.29,11.8,7,3.19,3,0
413-7170,0,1,162,46,224.9,97,38.23,188.2,84,16,254.6,61,11.46,12.1,2,3.27,0,0
415-2935,0,0,147,0,248.6,83,42.26,148.9,85,12.66,172.5,109,7.76,8,4,2.16,3,0
354-4577,0,0,144,0,201.1,99,34.19,303.5,74,25.8,224,119,10.08,13.2,2,3.56,1,0
331-7425,1,0,116,0,215.4,104,36.62,204.8,79,17.41,278.5,109,12.53,12.6,5,3.4,3,0
388-6441,0,1,128,29,179.3,104,30.48,225.9,86,19.2,323,78,14.54,8.6,7,2.32,0,0
412-9997,0,0,111,0,214.3,118,36.43,208.5,76,17.72,182.4,98,8.21,12,2,3.24,1,0
366-4467,0,0,104,0,278.4,106,47.33,81,113,6.89,163.2,137,7.34,9.8,5,2.65,1,0
327-3954,0,0,99,0,198.2,87,33.69,207.3,76,17.62,190.9,113,8.59,8.7,3,2.35,4,0
379-6506,0,1,98,21,161.2,114,27.4,252.2,83,21.44,160.2,92,7.21,4.4,8,1.19,4,0
347-7741,0,0,108,0,178.3,137,30.31,189,76,16.07,129.1,102,5.81,14.6,5,3.94,0,0
354-3783,0,0,135,0,151.7,82,25.79,119,105,10.12,180,100,8.1,10.5,6,2.84,0,0
401-7594,0,0,95,0,135,99,22.95,183.6,106,15.61,245.3,102,11.04,12.5,9,3.38,1,0
397-4976,0,0,122,0,170.5,94,28.99,173.7,109,14.76,248.6,75,11.19,11.3,2,3.05,1,0
334-2577,0,0,95,0,238.1,65,40.48,187.2,98,15.91,190,115,8.55,11.8,4,3.19,4,0
383-4361,0,1,93,21,117.9,131,20.04,164.5,115,13.98,217,86,9.76,9.8,3,2.65,1,0
371-4306,0,1,141,32,148.6,91,25.26,131.1,97,11.14,219.4,142,9.87,10.1,1,2.73,1,0
403-4298,0,0,157,0,229.8,90,39.07,147.9,121,12.57,241.4,108,10.86,9.6,7,2.59,3,0
409-3786,0,0,120,0,165,100,28.05,317.2,83,26.96,119.2,86,5.36,8.3,8,2.24,1,0
337-4697,0,0,103,0,185,117,31.45,223.3,94,18.98,222.8,91,10.03,12.6,2,3.4,2,0
383-1509,0,0,98,0,161,117,27.37,190.9,113,16.23,227.7,113,10.25,12.1,4,3.27,4,0
359-9794,0,0,125,0,126.7,108,21.54,206,90,17.51,247.8,114,11.15,13.3,7,3.59,1,0
409-1244,0,1,112,36,113.7,117,19.33,157.5,82,13.39,177.6,118,7.99,10,3,2.7,2,0
328-3266,0,0,97,0,239.8,125,40.77,214.8,111,18.26,143.3,81,6.45,8.7,5,2.35,2,0
369-5526,0,0,121,0,190.7,103,32.42,183.5,117,15.6,220.8,103,9.94,9.8,4,2.65,3,0
329-4391,0,0,193,0,170.9,124,29.05,132.3,95,11.25,112.9,89,5.08,11.6,3,3.13,1,0
408-4195,0,0,130,0,154.2,119,26.21,110.2,98,9.37,227.4,117,10.23,9.2,5,2.48,2,0
409-5939,0,0,92,0,91.7,90,15.59,193.7,123,16.46,175,86,7.88,9.2,4,2.48,2,0
331-4902,0,1,131,36,214.2,115,36.41,161.7,117,13.74,264.7,102,11.91,9.5,4,2.57,3,0
411-5859,0,0,163,0,197,109,33.49,202.6,128,17.22,206.4,80,9.29,9.1,10,2.46,1,0
387-2919,1,0,91,0,129.9,112,22.08,173.3,83,14.73,247.2,130,11.12,11.2,3,3.02,3,0
379-5592,0,0,91,0,203.1,106,34.53,210.1,113,17.86,195.6,129,8.8,12,3,3.24,3,0
345-8237,0,1,127,36,183.2,117,31.14,126.8,76,10.78,263.3,71,11.85,11.2,8,3.02,1,0
422-6690,0,1,113,23,205,101,34.85,152,60,12.92,158.6,59,7.14,10.2,5,2.75,2,0
346-2359,0,0,110,0,148.5,115,25.25,276.4,84,23.49,193.6,112,8.71,12.4,3,3.35,1,0
374-3534,0,1,120,39,200.3,68,34.05,220.4,97,18.73,253.8,116,11.42,10.5,4,2.84,0,0
381-4756,0,1,157,28,192.6,107,32.74,195.5,74,16.62,109.7,139,4.94,6.8,5,1.84,3,0
390-2805,0,0,103,0,246.5,47,41.91,195.5,84,16.62,200.5,96,9.02,11.7,4,3.16,1,0
419-9097,0,0,140,0,231.9,101,39.42,160.1,94,13.61,110.4,98,4.97,14.3,6,3.86,3,0
386-7281,0,0,127,0,146.7,91,24.94,203.5,78,17.3,203.4,110,9.15,13.7,3,3.7,1,0
390-8760,0,0,121,0,181.5,121,30.86,218.4,98,18.56,161.6,103,7.27,8.5,5,2.3,1,0
366-6730,0,1,145,43,257.7,97,43.81,162.1,95,13.78,286.9,86,12.91,11.1,4,3,2,0
395-5285,0,0,113,0,193.8,99,32.95,221.4,125,18.82,172.3,67,7.75,10.6,6,2.86,1,0
354-3436,0,0,117,0,102.8,119,17.48,206.7,91,17.57,299,105,13.46,10.1,7,2.73,1,0
362-4596,0,0,96,0,260.4,115,44.27,146,46,12.41,269.5,87,12.13,11.5,4,3.11,5,0
401-3926,0,0,151,0,178.7,116,30.38,292.1,138,24.83,265.9,101,11.97,9.8,4,2.65,0,0
328-6289,0,1,139,23,157.6,129,26.79,247,96,21,259.2,112,11.66,13.7,2,3.7,0,0
351-4616,0,1,115,24,142.1,124,24.16,183.4,129,15.59,164.8,114,7.42,9.6,4,2.59,1,0
417-4885,0,0,141,0,217.1,110,36.91,241.5,111,20.53,253.5,103,11.41,12,6,3.24,0,0
406-4710,0,1,141,36,187.5,99,31.88,241.4,116,20.52,229.5,105,10.33,10.5,5,2.84,3,0
335-4584,0,0,146,0,206.3,151,35.07,148.6,89,12.63,167.2,91,7.52,6.1,3,1.65,1,0
361-9845,0,1,92,33,243.1,92,41.33,213.8,92,18.17,228.7,104,10.29,12.1,2,3.27,2,0
366-5699,0,1,185,31,189.8,126,32.27,163.3,133,13.88,264.8,126,11.92,7.5,3,2.03,1,0
329-9364,0,0,148,0,202,102,34.34,243.2,128,20.67,261.3,90,11.76,10.9,3,2.94,1,0
390-7434,0,1,94,38,170.1,124,28.92,193.3,116,16.43,105.9,73,4.77,12.8,4,3.46,1,0
415-2393,0,0,179,0,219.2,92,37.26,149.4,125,12.7,244.7,104,11.01,6.1,5,1.65,0,0
377-1765,0,0,94,0,252.6,104,42.94,169,125,14.37,170.9,106,7.69,11.1,7,3,2,0
401-3170,0,0,127,0,202.1,103,34.36,229.4,86,19.5,195.2,113,8.78,11.5,3,3.11,2,0
405-5681,0,0,116,0,173.5,93,29.5,194.1,76,16.5,208,112,9.36,16.2,10,4.37,3,0
355-5009,1,1,94,23,197.1,125,33.51,214.5,136,18.23,282.2,103,12.7,9.5,5,2.57,4,0
350-1639,1,0,170,0,259.9,68,44.18,245,122,20.83,134.4,121,6.05,8.4,3,2.27,3,0
422-1471,0,0,106,0,158.7,74,26.98,64.3,139,5.47,198.5,103,8.93,10.2,4,2.75,1,0
399-7865,0,0,93,0,271.6,71,46.17,229.4,108,19.5,77.3,121,3.48,10.9,3,2.94,2,0
373-4819,0,0,164,0,160.6,111,27.3,163.2,126,13.87,187.1,112,8.42,9,3,2.43,1,0
418-4365,0,0,107,0,133.8,85,22.75,180.5,94,15.34,112.2,115,5.05,8.9,4,2.4,0,0
359-5461,0,0,130,0,176.9,109,30.07,90.7,104,7.71,238,69,10.71,9.5,2,2.57,1,0
407-8376,0,0,94,0,137.5,118,23.38,203.2,88,17.27,150,131,6.75,13.4,2,3.62,0,0
408-6496,0,1,118,23,289.5,52,49.22,166.6,111,14.16,119.1,88,5.36,9.5,4,2.57,1,0
385-7688,0,1,117,23,198.1,86,33.68,177,86,15.05,180.5,92,8.12,6.8,6,1.84,1,0
397-4030,0,0,97,0,218,86,37.06,184,94,15.64,240.5,110,10.82,6.4,8,1.73,3,0
367-1062,0,0,105,0,140.6,109,23.9,178.6,51,15.18,217,83,9.76,6.8,3,1.84,2,0
341-8467,0,0,157,0,152.7,105,25.96,257.5,80,21.89,198.1,93,8.91,9.4,4,2.54,1,0
344-3388,0,0,122,0,243.8,98,41.45,83.9,72,7.13,179.8,84,8.09,13.7,8,3.7,2,0
408-4142,0,0,106,0,213.9,95,36.36,151.9,70,12.91,260.1,124,11.7,12.2,5,3.29,3,0
386-3671,0,0,99,0,217.2,112,36.92,246.7,89,20.97,226.1,89,10.17,15.8,7,4.27,3,0
411-2284,0,0,99,0,241.1,72,40.99,155.6,98,13.23,188.2,109,8.47,11.6,10,3.13,1,0
346-7795,1,0,144,0,203.5,100,34.6,247.6,103,21.05,194.3,94,8.74,11.9,11,3.21,0,0
337-9345,0,0,93,0,179.3,93,30.48,178.6,98,15.18,225.2,131,10.13,11.5,6,3.11,3,0
328-6770,0,0,93,0,151.4,89,25.74,186.4,76,15.84,172.5,120,7.76,10.9,3,2.94,0,0
380-7321,0,0,120,0,180,80,30.6,224.2,82,19.06,265.4,91,11.94,4.7,7,1.27,3,0
356-1567,0,0,106,0,223,121,37.91,110.1,98,9.36,188.7,107,8.49,7.1,12,1.92,0,0
336-1090,0,1,127,22,166,114,28.22,174.5,103,14.83,244.9,68,11.02,10.2,6,2.75,1,0
402-6591,0,0,123,0,206.9,85,35.17,244.7,78,20.8,221.5,136,9.97,7.7,2,2.08,3,0
403-6419,0,1,126,27,186.2,78,31.65,189.6,83,16.12,76.5,139,3.44,9.6,3,2.59,2,0
386-9790,0,1,104,23,280.2,136,47.63,220.5,92,18.74,136.9,102,6.16,13.3,3,3.59,4,0
352-4221,0,0,100,0,203.1,96,34.53,217,126,18.45,180.9,122,8.14,13.5,2,3.65,3,0
359-6196,1,0,92,0,173.1,140,29.43,240.3,105,20.43,233.2,117,10.49,9,5,2.43,1,0
357-4078,0,1,110,40,202.6,103,34.44,118.8,128,10.1,234.9,98,10.57,9,9,2.43,2,0
366-5780,0,0,110,0,74.5,117,12.67,200.8,98,17.07,192.2,101,8.65,9.8,7,2.65,3,0
393-9619,0,0,215,0,83.6,148,14.21,120.9,91,10.28,226.6,110,10.2,10.7,9,2.89,0,0
400-5751,0,0,138,0,220.2,89,37.43,88.3,125,7.51,195.3,79,8.79,12.9,5,3.48,0,0
385-8240,0,1,107,37,60,102,10.2,102.2,80,8.69,261.8,106,11.78,11.1,3,3,0,0
354-7339,0,0,94,0,181.8,85,30.91,202.4,98,17.2,245.9,97,11.07,9.2,2,2.48,4,0
349-1687,0,1,119,23,154,114,26.18,278,137,23.63,228.4,112,10.28,11.8,4,3.19,2,0
365-2153,0,0,106,0,207.9,91,35.34,172,109,14.62,191.8,143,8.63,14.4,7,3.89,4,0
411-1715,1,0,97,0,143.7,117,24.43,273,82,23.21,178.3,81,8.02,10.9,3,2.94,0,0
385-2488,0,1,106,32,165.9,126,28.2,216.5,93,18.4,173.1,86,7.79,14.1,8,3.81,4,0
377-7177,0,0,108,0,138.6,122,23.56,172.3,117,14.65,231.6,92,10.42,9.8,3,2.65,1,0
342-1099,0,0,114,0,84.7,118,14.4,249.9,86,21.24,193.4,95,8.7,14.5,8,3.92,1,0
334-2730,0,0,151,0,134.5,88,22.87,143.1,112,12.16,223.9,61,10.08,15.4,1,4.16,1,0
340-3182,0,0,117,0,143.3,103,24.36,211.3,108,17.96,185.2,96,8.33,11.5,3,3.11,1,0
417-3676,0,0,155,0,262.4,55,44.61,194.6,113,16.54,146.5,85,6.59,8.3,6,2.24,2,0
417-6774,0,1,114,30,206.2,79,35.05,260,91,22.1,291.6,83,13.12,11.4,6,3.08,1,0
411-9554,0,1,114,28,225.8,94,38.39,193,117,16.41,232.4,100,10.46,8.4,9,2.27,4,0
420-3192,0,0,119,0,138.3,89,23.51,170.5,78,14.49,263.9,98,11.88,13.5,6,3.65,3,0
343-7734,1,0,118,0,160,123,27.2,175.4,96,14.91,184.8,99,8.32,9.9,3,2.67,2,0
410-3390,0,0,101,0,206.6,105,35.12,224.9,117,19.12,249.9,100,11.25,14.6,3,3.94,0,0
344-6495,0,0,117,0,134.7,121,22.9,180,83,15.3,200.9,104,9.04,7.7,3,2.08,1,0
337-7501,0,0,139,0,192.8,104,32.78,234.4,96,19.92,203.2,101,9.14,13,3,3.51,3,0
339-9631,0,1,92,28,151.1,90,25.69,194.8,79,16.56,239.2,114,10.76,10,3,2.7,1,0
416-3915,1,0,148,0,218.9,88,37.21,208,85,17.68,203.3,99,9.15,11.1,4,3,0,0
361-7998,0,1,131,25,192.7,85,32.76,225.9,105,19.2,254.2,59,11.44,10.9,6,2.94,2,0
355-4842,1,0,146,0,204.4,135,34.75,219.1,90,18.62,222.7,114,10.02,10.5,6,2.84,3,0
387-6440,0,0,143,0,172.3,97,29.29,174,108,14.79,188.2,119,8.47,13,4,3.51,2,0
412-1194,0,1,145,24,147.5,90,25.08,175.7,108,14.93,252.1,102,11.34,15.6,3,4.21,2,0
355-9508,0,0,137,0,206.4,122,35.09,128,102,10.88,194.5,84,8.75,8.8,5,2.38,2,0
352-8202,0,0,137,0,205.9,88,35,209.3,86,17.79,289.9,84,13.05,14.5,4,3.92,2,0
335-5882,0,0,167,0,207.6,88,35.29,132.4,63,11.25,255.2,98,11.48,14.1,5,3.81,0,0
393-6733,0,1,199,34,230.6,121,39.2,219.4,99,18.65,299.3,94,13.47,8,2,2.16,0,0
335-1838,0,0,132,0,99.5,110,16.92,129.1,80,10.97,125.1,124,5.63,9.7,3,2.62,0,0
355-6930,0,0,94,0,177.1,112,30.11,194,112,16.49,146.7,108,6.6,5.9,4,1.59,1,0
343-2605,0,1,96,18,172.7,86,29.36,133.4,113,11.34,259.5,70,11.68,9.8,3,2.65,1,0
350-6759,0,0,166,0,204.2,115,34.71,179.9,152,15.29,216.8,109,9.76,9.5,5,2.57,1,0
398-4313,0,0,113,0,215.5,129,36.64,218.7,117,18.59,207.1,91,9.32,6.6,9,1.78,4,0
412-4399,0,0,94,0,181.5,98,30.86,199.9,88,16.99,287.7,114,12.95,6.6,5,1.78,1,0
360-6868,0,0,158,0,158,106,26.86,292.5,114,24.86,241.1,89,10.85,9.1,4,2.46,1,0
405-6641,0,0,136,0,92,117,15.64,253.6,77,21.56,214.1,90,9.63,10.3,10,2.78,1,0
393-2373,0,0,196,0,234,109,39.78,249.5,114,21.21,173.1,70,7.79,9.1,5,2.46,2,0
341-3464,0,0,112,0,194.4,101,33.05,190.3,82,16.18,183.4,107,8.25,11.4,2,3.08,0,0
413-5310,0,0,209,0,227.2,128,38.62,258.4,92,21.96,183.5,74,8.26,8.9,4,2.4,3,0
399-8845,0,1,110,38,236.3,102,40.17,195.9,112,16.65,183.5,82,8.26,9.7,6,2.62,1,0
359-5890,0,0,128,0,125.2,99,21.28,205.4,107,17.46,254.4,111,11.45,18.9,2,5.1,0,0
381-9196,0,1,103,28,121,105,20.57,270.4,100,22.98,160.5,76,7.22,7.7,4,2.08,2,0
329-3222,0,1,119,29,117.8,66,20.03,256.8,114,21.83,147.6,76,6.64,7.6,3,2.05,3,0
363-5819,0,1,173,21,232.4,96,39.51,211.9,118,18.01,273,102,12.29,5,5,1.35,3,0
403-7775,0,1,114,32,125.2,79,21.28,177.8,105,15.11,232.4,89,10.46,12.9,3,3.48,1,0
360-2479,0,0,104,0,138.7,107,23.58,256.9,113,21.84,234.9,74,10.57,10,3,2.7,0,0
394-3791,0,0,148,0,86.3,134,14.67,246.6,92,20.96,251.6,91,11.32,11.3,4,3.05,1,0
384-2632,0,0,129,0,207,91,35.19,154.9,121,13.17,245.1,112,11.03,13.4,5,3.62,3,0
359-8466,0,1,100,30,58.8,104,10,219.5,107,18.66,152.3,118,6.85,7.1,3,1.92,0,0
331-8909,0,1,121,35,68.7,95,11.68,209.2,69,17.78,197.4,42,8.88,11.4,4,3.08,1,0
359-5160,0,1,143,33,239.2,109,40.66,235.5,112,20.02,156.3,95,7.03,9.5,4,2.57,1,0
362-2314,0,0,158,0,205.2,97,34.88,240.6,77,20.45,79.7,108,3.59,14.4,12,3.89,0,0
338-8478,0,0,116,0,192.1,98,32.66,312.9,135,26.6,130.2,94,5.86,7.9,2,2.13,3,0
365-8779,0,0,108,0,169.6,99,28.83,264.1,87,22.45,206.3,78,9.28,9.3,4,2.51,0,0
396-8265,0,1,151,17,214.7,97,36.5,138.5,90,11.77,169.1,44,7.61,8.6,4,2.32,1,0
397-4304,0,0,99,0,169.2,70,28.76,271.5,77,23.08,170.2,104,7.66,10.6,2,2.86,0,0
361-9923,0,0,101,0,183.9,115,31.26,255.9,101,21.75,275,145,12.38,10.8,11,2.92,1,0
376-4300,0,1,98,21,64.6,98,10.98,176.1,86,14.97,244.8,84,11.02,0,0,0,2,0
333-7749,0,0,141,0,260.2,131,44.23,179.2,120,15.23,135,119,6.08,7.2,8,1.94,3,0
375-2165,0,0,162,0,220.6,117,37.5,155.2,121,13.19,186.7,89,8.4,10.5,11,2.84,1,0
413-3412,1,1,179,38,220.1,78,37.42,234.3,71,19.92,237.3,85,10.68,10.1,4,2.73,4,0
337-8078,0,0,117,0,181.5,95,30.86,205.1,88,17.43,204,82,9.18,14.7,9,3.97,2,0
343-6374,1,0,124,0,244.6,89,41.58,188.8,80,16.05,206,114,9.27,11.3,4,3.05,1,0
385-8730,0,1,122,23,134.2,85,22.81,227.3,132,19.32,122.4,96,5.51,8.5,2,2.3,2,0
351-2587,0,0,148,0,124.4,83,21.15,179.7,81,15.27,253,99,11.39,11.3,6,3.05,0,0
328-9869,0,0,194,0,162.3,88,27.59,213.7,118,18.16,192.1,81,8.64,10.9,2,2.94,0,0
334-1872,0,0,112,0,193.3,96,32.86,264.1,123,22.45,128.6,115,5.79,9.1,3,2.46,4,0
369-3214,0,0,132,0,83.4,110,14.18,232.2,137,19.74,146.7,114,6.6,7.6,5,2.05,1,0
385-6778,0,0,128,0,195.6,99,33.25,267.8,120,22.76,164.9,76,7.42,16,2,4.32,0,0
383-7689,0,0,135,0,201.8,81,34.31,225,114,19.13,204.4,82,9.2,10.3,6,2.78,1,0
329-6562,0,0,138,0,170.5,87,28.99,118.2,116,10.05,187.9,111,8.46,11.2,7,3.02,2,0
345-2931,0,0,127,0,221,100,37.57,160.7,113,13.66,233.1,96,10.49,6.8,4,1.84,2,0
373-5732,0,0,137,0,242.1,118,41.16,191,93,16.24,218.6,50,9.84,14.7,2,3.97,3,0
348-7437,0,0,97,0,151.6,107,25.77,155.4,96,13.21,240,112,10.8,14.7,4,3.97,1,0
332-9460,1,0,149,0,176.2,87,29.95,145,81,12.33,249.5,92,11.23,5.7,4,1.54,0,0
355-6531,1,1,117,22,196,82,33.32,322.7,82,27.43,225.6,120,10.15,3.7,5,1,1,0
346-8581,0,0,137,0,230.2,113,39.13,220.4,79,18.73,204.7,111,9.21,10.7,7,2.89,4,0
363-8824,0,0,99,0,146.7,64,24.94,274,99,23.29,321.3,98,14.46,8.9,1,2.4,3,0
417-6252,0,0,150,0,126,99,21.42,238.5,73,20.27,285.1,100,12.83,10.2,6,2.75,3,0
338-6283,0,0,98,0,206.5,92,35.11,176.2,152,14.98,232.8,115,10.48,12.4,5,3.35,5,0
352-9017,0,0,112,0,217.1,76,36.91,205.2,100,17.44,185.7,91,8.36,9.4,3,2.54,2,0
376-9249,0,1,98,22,278.3,89,47.31,93.4,143,7.94,107.6,42,4.84,9.7,5,2.62,0,0
333-5430,0,1,98,31,121,105,20.57,218.9,98,18.61,226.7,110,10.2,12,1,3.24,1,0
410-4023,0,1,96,26,145.8,108,24.79,192.2,89,16.34,165.1,96,7.43,9.9,2,2.67,1,0
411-7649,0,0,119,0,222.8,122,37.88,163.2,107,13.87,160.6,112,7.23,11.2,6,3.02,1,0
421-9401,1,0,92,0,264.3,91,44.93,160.9,115,13.68,198.6,73,8.94,9.3,5,2.51,0,0
349-4369,1,0,133,0,127.3,108,21.64,251.3,81,21.36,135,88,6.08,10.3,3,2.78,1,0
351-4288,0,0,145,0,187.9,110,31.94,197,117,16.75,167,108,7.52,4.8,4,1.3,2,0
363-9663,0,0,126,0,256.5,112,43.61,199.5,90,16.96,188.3,122,8.47,7,5,1.89,3,0
417-4404,0,0,117,0,239.9,84,40.78,174.8,106,14.86,209.5,93,9.43,9.8,2,2.65,0,0
372-8048,0,1,128,34,142.3,73,24.19,194.8,79,16.56,239.3,81,10.77,16,6,4.32,1,0
356-3646,0,0,115,0,184.1,98,31.3,327,73,27.8,212.5,106,9.56,7.5,6,2.03,2,0
351-9604,0,1,141,28,206.9,126,35.17,264.4,126,22.47,171.8,124,7.73,9.3,11,2.51,2,0
396-5189,0,0,100,0,203.8,122,34.65,283.1,76,24.06,197.3,83,8.88,12.5,3,3.38,0,0
356-9187,0,1,96,45,248.8,124,42.3,140.3,77,11.93,263.6,102,11.86,10.3,2,2.78,3,0
394-5537,0,1,112,16,221.6,110,37.67,130.2,123,11.07,200,108,9,11.3,3,3.05,1,0
408-2712,1,0,129,0,192.9,131,32.79,185.5,101,15.77,205.2,130,9.23,10.9,4,2.94,1,0
404-4486,0,0,163,0,122.4,129,20.81,113.4,108,9.64,180.2,97,8.11,12.5,7,3.38,1,0
411-4674,0,0,140,0,173.2,91,29.44,196.8,106,16.73,209.3,128,9.42,11.2,5,3.02,3,0
382-2879,0,0,148,0,178.3,98,30.31,282.6,110,24.02,181,98,8.15,11.4,4,3.08,1,0
420-1383,0,0,112,0,243.4,77,41.38,182.1,97,15.48,259.2,94,11.66,12.8,2,3.46,1,0
399-3164,0,0,155,0,190.3,123,32.35,301.3,96,25.61,214.6,134,9.66,8,3,2.16,1,0
352-6573,0,0,113,0,155,93,26.35,330.6,106,28.1,189.4,123,8.52,13.5,3,3.65,1,0
419-6033,0,1,135,27,273.4,141,46.48,154,99,13.09,245.8,112,11.06,12.3,6,3.32,1,0
336-2090,0,0,99,0,155.3,93,26.4,265.7,95,22.58,145.7,67,6.56,12.4,4,3.35,0,0
376-1713,0,0,135,0,246.8,129,41.96,187.8,121,15.96,154.5,109,6.95,12.6,5,3.4,1,0
327-3850,0,0,91,0,149,115,25.33,245.3,105,20.85,260,94,11.7,8.3,3,2.24,0,0
328-7209,0,1,149,20,198.9,77,33.81,274,88,23.29,190.7,76,8.58,14.3,9,3.86,1,0
361-8239,0,0,109,0,184,120,31.28,120.4,119,10.23,153.7,86,6.92,11,3,2.97,0,0
360-3525,0,0,115,0,147.9,109,25.14,228.4,117,19.41,299.7,90,13.49,9.6,9,2.59,3,0
392-3813,0,1,144,18,106.4,109,18.09,108.1,113,9.19,208.4,111,9.38,10.1,5,2.73,1,0
337-6898,0,0,91,0,133.7,75,22.73,195.3,87,16.6,280.5,89,12.62,5.9,2,1.59,0,0
366-8036,0,1,105,23,193.5,85,32.9,220.2,90,18.72,272.4,111,12.26,8.5,5,2.3,0,0
336-5702,0,0,112,0,170.4,103,28.97,200.2,71,17.02,258.3,100,11.62,11.6,4,3.13,1,0
379-2514,0,0,149,0,69.1,117,11.75,136.3,100,11.59,181.7,53,8.18,6.3,3,1.7,1,0
421-3528,0,1,139,20,214.6,101,36.48,235.1,132,19.98,162.8,132,7.33,14.8,12,4,0,0
403-8904,0,1,141,23,149.7,112,25.45,162.5,118,13.81,220.3,115,9.91,7.6,2,2.05,3,0
393-4086,0,0,140,0,149.8,134,25.47,164.4,98,13.97,294.7,124,13.26,8.1,2,2.19,1,0
400-1367,0,0,99,0,190.4,102,32.37,158.1,107,13.44,271.5,92,12.22,11.2,4,3.02,2,0
377-9473,0,0,166,0,181.4,108,30.84,253.8,54,21.57,112.3,94,5.05,11.6,6,3.13,1,0
396-3068,0,0,124,0,151.1,123,25.69,187.4,104,15.93,255.4,93,11.49,5.3,3,1.43,1,0
347-1914,0,0,117,0,149.9,95,25.48,256.1,110,21.77,212.7,92,9.57,13.3,13,3.59,2,0
355-6560,1,0,102,0,233.8,103,39.75,221.6,131,18.84,146.9,106,6.61,12.8,3,3.46,0,0
345-1998,0,0,165,0,242.9,126,41.29,209.8,65,17.83,228.4,126,10.28,0,0,0,1,0
361-5277,0,0,130,0,150.4,119,25.57,230.5,99,19.59,186.3,76,8.38,12.3,4,3.32,1,0
366-7360,0,1,129,33,119.6,104,20.33,278.7,88,23.69,263.4,175,11.85,5.9,2,1.59,2,0
390-7328,1,0,161,0,156.1,114,26.54,180.3,63,15.33,179.6,115,8.08,11.1,9,3,2,0
356-5491,0,1,93,36,178.7,134,30.38,178.6,102,15.18,126.8,82,5.71,8,4,2.16,2,0
373-3251,0,0,144,0,177.5,93,30.18,287.4,75,24.43,180.5,118,8.12,11.9,3,3.21,2,0
378-8019,0,0,95,0,175.2,91,29.78,244.4,109,20.77,75.8,95,3.41,7.5,2,2.03,1,0
386-1548,0,1,126,23,114.3,102,19.43,190.3,103,16.18,240.4,111,10.82,12.6,7,3.4,3,0
397-1649,0,1,124,28,251.4,104,42.74,225.1,89,19.13,251.9,121,11.34,7.5,5,2.03,1,0
402-9691,1,1,109,26,217.2,138,36.92,145.5,111,12.37,280.7,76,12.63,9.3,3,2.51,0,0
407-2248,0,1,136,31,143.1,88,24.33,236.6,65,20.11,227.8,120,10.25,11.4,5,3.08,2,0
407-2081,0,1,143,24,186.6,69,31.72,222,116,18.87,234.9,138,10.57,11.6,5,3.13,1,0
415-4857,0,1,193,17,124,102,21.08,202.9,81,17.25,205.1,129,9.23,12.3,3,3.32,1,0
421-1469,0,1,148,14,93.6,137,15.91,193.8,72,16.47,144.9,84,6.52,17.5,5,4.73,1,0
420-5990,0,0,96,0,98.2,100,16.69,307.2,88,26.11,182.5,120,8.21,7.6,1,2.05,2,0
380-5286,0,0,112,0,261.4,108,44.44,154.5,102,13.13,130.9,90,5.89,11.6,2,3.13,1,0
392-1616,0,1,122,27,253.7,84,43.13,229.2,109,19.48,190.5,123,8.57,9.2,5,2.48,7,0
367-7039,0,0,176,0,47.4,125,8.06,167.8,90,14.26,163.1,107,7.34,10.5,8,2.84,2,0
379-6652,0,1,95,22,40.9,126,6.95,133.4,90,11.34,264.2,91,11.89,11.9,7,3.21,0,0
403-2455,1,0,100,0,68.5,110,11.65,337.1,115,28.65,205.2,99,9.23,12.1,9,3.27,0,0
366-4334,0,1,98,38,213.7,61,36.33,253,104,21.51,207.7,73,9.35,10.7,5,2.89,2,0
406-5059,0,1,125,36,201.3,117,34.22,42.2,78,3.59,125.7,104,5.66,5.4,3,1.46,1,0
408-3532,0,0,194,0,48.4,101,8.23,281.1,138,23.89,218.5,87,9.83,18.2,1,4.91,1,0
350-8680,0,1,128,40,171.2,88,29.1,145.7,109,12.38,196.8,93,8.86,14,6,3.78,1,0
398-9870,0,1,190,22,166.5,93,28.31,183,92,15.56,121,102,5.44,8.5,3,2.3,0,0
343-3356,0,0,165,0,216.6,126,36.82,190.8,104,16.22,224.7,123,10.11,12.4,8,3.35,0,0
415-8151,0,1,150,29,209.9,77,35.68,158,52,13.43,141.9,113,6.39,6.6,1,1.78,0,0
339-4317,0,1,95,27,129.5,106,22.02,248.9,90,21.16,268,115,12.06,11.9,3,3.21,1,0
364-2495,0,1,121,31,237.1,63,40.31,205.6,117,17.48,196.7,85,8.85,10.1,5,2.73,4,0
421-1189,0,0,157,0,224.5,111,38.17,200.7,99,17.06,116.6,118,5.25,11.5,2,3.11,2,0
336-1749,0,0,123,0,159.5,77,27.12,303.8,92,25.82,226.9,120,10.21,12,4,3.24,0,0
378-9029,0,0,125,0,131.8,97,22.41,136.7,100,11.62,308.2,119,13.87,7.7,6,2.08,2,0
389-8606,0,1,99,28,200.7,88,34.12,264.2,116,22.46,172.7,102,7.77,9.1,5,2.46,1,0
406-7261,0,0,99,0,145.6,106,24.75,98.3,106,8.36,230.8,83,10.39,10.9,5,2.94,1,0
390-2891,0,0,97,0,211,76,35.87,189,100,16.07,123,102,5.54,4.7,4,1.27,3,0
329-1955,0,0,108,0,293,88,49.81,160.6,101,13.65,143.9,87,6.48,10,6,2.7,2,0
335-3913,0,1,186,26,74.3,107,12.63,177.3,116,15.07,296.3,90,13.33,14.5,3,3.92,2,0
351-7369,0,1,114,36,309.9,90,52.68,200.3,89,17.03,183.5,105,8.26,14.2,2,3.83,1,0
349-9566,0,0,92,0,201.9,74,34.32,226.8,119,19.28,217.5,80,9.79,13.7,6,3.7,3,0
333-3421,0,0,110,0,149.8,112,25.47,180,93,15.3,140,119,6.3,11.7,4,3.16,2,0
416-1557,0,1,171,25,223.2,77,37.94,183.2,118,15.57,150.8,90,6.79,10.2,3,2.75,3,0
356-7217,0,0,104,0,164.2,109,27.91,155.4,90,13.21,168.9,117,7.6,10.7,8,2.89,1,0
350-2012,0,0,165,0,150.5,75,25.59,193.1,93,16.41,311.6,93,14.02,10.3,2,2.78,1,0
373-6379,0,0,110,0,55.3,102,9.4,164.7,124,14,200.7,108,9.03,10.2,5,2.75,1,0
406-4588,0,0,114,0,169.6,85,28.83,58.9,86,5.01,179.3,124,8.07,7.4,8,2,1,0
375-8493,0,1,117,14,80.2,81,13.63,219,103,18.62,122.6,102,5.52,8.6,2,2.32,1,0
361-2924,0,0,109,0,218.9,105,37.21,299.9,87,25.49,158.6,110,7.14,11.3,4,3.05,2,0
411-8140,0,0,92,0,176.3,85,29.97,93.4,125,7.94,207.2,107,9.32,9.6,1,2.59,2,0
410-7383,0,0,124,0,157.5,70,26.78,130.7,79,11.11,193.4,98,8.7,9.6,4,2.59,3,0
336-4656,0,0,102,0,102.6,89,17.44,246,77,20.91,170.5,140,7.67,9.1,4,2.46,2,0
350-1354,0,0,143,0,202.8,109,34.48,165.8,104,14.09,143.9,71,6.48,4.6,4,1.24,1,0
369-5222,0,0,129,0,139.5,119,23.72,289.3,105,24.59,129.4,97,5.82,13.1,8,3.54,0,0
371-5556,0,0,111,0,146.2,55,24.85,261.5,83,22.23,163.2,116,7.34,8.7,3,2.35,3,0
334-5337,0,0,91,0,231.8,120,39.41,150.6,106,12.8,269.2,129,12.11,11.6,7,3.13,3,0
339-1405,0,0,151,0,156.4,108,26.59,233.4,118,19.84,195.7,141,8.81,7.7,6,2.08,4,0
416-5849,1,1,166,35,128.2,138,21.79,274.5,113,23.33,298.9,130,13.45,8.8,7,2.38,2,0
394-9121,0,0,153,0,195.4,107,33.22,154.6,96,13.14,142.8,97,6.43,11.6,6,3.13,1,0
347-4112,0,0,163,0,191.3,89,32.52,193.9,87,16.48,268.4,121,12.08,12.8,4,3.46,1,0
362-8280,0,0,126,0,122.4,88,20.81,143.8,111,12.22,157,106,7.07,11.5,3,3.11,1,0
402-9982,0,1,105,33,209.6,68,35.63,146.9,140,12.49,121,131,5.44,10.6,3,2.86,2,0
392-8905,0,0,172,0,215.7,140,36.67,146.3,84,12.44,264.6,83,11.91,7.1,1,1.92,3,0
392-5512,0,0,126,0,161.4,110,27.44,220.6,125,18.75,249.2,78,11.21,5.1,2,1.38,0,0
351-6384,0,0,97,0,144.2,91,24.51,226.7,137,19.27,144.6,72,6.51,13.8,4,3.73,3,0
328-2236,0,0,97,0,112.7,119,19.16,217.7,109,18.5,152.1,76,6.84,6.5,5,1.76,1,0
417-8617,0,0,140,0,194.8,107,33.12,170.9,99,14.53,225.1,93,10.13,13.9,4,3.75,0,0
361-9621,0,0,169,0,100.8,112,17.14,230,69,19.55,193.6,95,8.71,9.5,2,2.57,0,0
327-9341,0,1,122,34,146.4,104,24.89,89.7,103,7.62,220,91,9.9,15.6,4,4.21,2,0
328-8147,0,1,120,27,153.5,84,26.1,194,73,16.49,256.5,94,11.54,10.2,7,2.75,5,0
373-5438,0,0,121,0,150.7,105,25.62,197.3,133,16.77,169,116,7.61,9.2,15,2.48,1,0
419-3167,0,0,106,0,128.6,83,21.86,134,114,11.39,210.6,113,9.48,11.4,2,3.08,0,0
377-1479,0,1,111,24,205.5,114,34.94,219.3,99,18.64,215.9,95,9.72,14,4,3.78,1,0
405-9384,0,1,153,28,235.6,74,40.05,227.9,37,19.37,170.3,103,7.66,15.4,9,4.16,0,0
331-3174,0,1,131,39,69.1,122,11.75,101.3,136,8.61,104.8,94,4.72,9.1,4,2.46,0,0
333-8180,0,0,140,0,235.5,81,40.04,257.2,130,21.86,103.1,111,4.64,11.5,4,3.11,2,0
357-2679,0,0,105,0,213.4,100,36.28,204.9,52,17.42,179.7,93,8.09,9.5,6,2.57,1,0
341-4103,0,1,96,31,183.4,126,31.18,195.5,106,16.62,180.1,93,8.1,10.5,5,2.84,1,0
392-5587,0,0,130,0,242.5,101,41.23,102.8,114,8.74,142.4,89,6.41,9.3,2,2.51,2,0
368-2845,0,0,139,0,138.1,103,23.48,164.5,100,13.98,134.9,63,6.07,8.3,2,2.24,1,0
418-7846,0,0,152,0,197.1,126,33.51,130.1,76,11.06,78.1,100,3.51,7.4,4,2,3,0
358-8729,0,0,147,0,205.3,95,34.9,166.7,128,14.17,240.6,84,10.83,7.8,4,2.11,1,0
349-1943,0,1,112,22,181.8,110,30.91,228.1,123,19.39,262.7,141,11.82,9.2,4,2.48,2,0
368-8283,0,0,120,0,252,120,42.84,150.2,106,12.77,151.8,96,6.83,9.6,1,2.59,2,0
358-8025,0,0,171,0,231.2,135,39.3,188.7,74,16.04,206.9,124,9.31,12.3,1,3.32,1,0
383-8695,0,1,101,33,200.1,108,34.02,188.9,122,16.06,205.1,90,9.23,15.5,4,4.19,0,0
386-5303,0,0,151,0,175.3,106,29.8,144.3,87,12.27,160.2,88,7.21,11.8,5,3.19,0,0
345-5338,0,0,119,0,176.8,90,30.06,224.7,81,19.1,204.6,77,9.21,7.5,15,2.03,1,0
377-7107,0,0,116,0,189.5,90,32.22,189.8,118,16.13,205.8,83,9.26,13.1,2,3.54,1,0
361-1581,0,0,107,0,123.1,100,20.93,158.4,82,13.46,256.1,82,11.52,9.3,5,2.51,0,0
417-7888,0,1,189,38,256.7,98,43.64,150.5,120,12.79,123,87,5.54,11.4,3,3.08,3,0
383-8364,0,0,123,0,159.1,94,27.05,241.6,119,20.54,202.4,120,9.11,6.5,1,1.76,1,0
396-2335,0,0,110,0,100.1,90,17.02,233.3,93,19.83,204.4,57,9.2,11.1,8,3,3,0
408-6621,0,0,176,0,223.2,76,37.94,214.4,131,18.22,154.4,80,6.95,10.1,2,2.73,3,0
393-7522,0,0,108,0,187.4,101,31.86,199.9,126,16.99,216.1,107,9.72,12.6,8,3.4,1,0
346-2347,0,0,137,0,147.2,119,25.02,192.8,91,16.39,172.7,105,7.77,10.2,4,2.75,1,0
420-8242,0,1,92,29,155.4,110,26.42,188.5,104,16.02,254.9,118,11.47,8,4,2.16,3,0
402-7746,0,0,165,0,154.2,91,26.21,268.6,108,22.83,188.8,99,8.5,10.9,4,2.94,6,0
332-1494,0,0,96,0,97.6,98,16.59,105.5,118,8.97,220.2,105,9.91,11.6,9,3.13,1,0
388-6223,0,0,156,0,178.8,94,30.4,178.4,97,15.16,169.2,77,7.61,7.5,3,2.03,1,0
338-7886,0,0,98,0,216.8,86,36.86,190.8,114,16.22,187.5,79,8.44,11,9,2.97,0,0
332-5596,0,0,121,0,103.3,110,17.56,129.1,82,10.97,167.1,113,7.52,10.7,3,2.89,0,0
348-9945,0,0,94,0,139.4,95,23.7,159.1,92,13.52,128.2,129,5.77,7.7,3,2.08,0,0
407-1896,0,0,99,0,191.2,110,32.5,163.9,102,13.93,243.6,114,10.96,14.1,3,3.81,1,0
398-9408,0,1,163,23,160,104,27.2,189.4,64,16.1,229.9,118,10.35,10.4,7,2.81,1,0
369-8005,0,0,161,0,221.7,95,37.69,193,82,16.41,194.1,113,8.73,6.5,4,1.76,3,0
346-2530,0,0,99,0,62.9,81,10.69,231,64,19.64,168.9,121,7.6,8.5,5,2.3,1,0
400-5984,0,0,108,0,215.6,78,36.65,195.3,119,16.6,194.4,65,8.75,3.6,5,0.97,1,0
368-8964,0,0,139,0,203.2,81,34.54,152.5,99,12.96,197.8,76,8.9,9.7,3,2.62,2,0
379-3132,0,0,129,0,143.7,114,24.43,297.8,98,25.31,212.6,86,9.57,11.4,8,3.08,4,0
340-9910,0,0,106,0,114.4,104,19.45,78.3,101,6.66,232.7,78,10.47,0,0,0,2,0
396-2719,0,0,158,0,222.8,101,37.88,203,128,17.26,210.6,106,9.48,6.9,2,1.86,2,0
369-6204,0,1,168,22,175.9,70,29.9,211.7,105,17.99,174.5,81,7.85,7.3,5,1.97,2,0
383-9255,0,0,127,0,182.3,124,30.99,169.9,110,14.44,184,116,8.28,9.3,3,2.51,1,0
360-9676,0,1,100,38,177.1,88,30.11,163.7,108,13.91,242.7,72,10.92,7.4,2,2,0,0
385-4715,0,0,113,0,215.6,96,36.65,193.4,127,16.44,105.4,115,4.74,13.5,3,3.65,1,0
331-5999,0,1,129,36,192.8,103,32.78,177,83,15.05,216.5,118,9.74,16.4,5,4.43,1,0
352-8249,0,1,151,26,196.5,98,33.41,175.8,111,14.94,221.8,124,9.98,13.4,5,3.62,0,0
328-1768,1,1,93,20,187.5,110,31.88,169.8,94,14.43,175.3,127,7.89,12.1,4,3.27,1,0
406-5870,1,0,169,0,57.1,98,9.71,199.7,78,16.97,274.7,103,12.36,6.5,6,1.76,3,0
350-2832,0,0,101,0,190.7,72,32.42,208.6,103,17.73,203.8,111,9.17,8.8,8,2.38,1,0
394-6577,0,1,116,17,193.4,112,32.88,240.6,131,20.45,248.1,98,11.16,11.4,3,3.08,5,0
359-6995,0,0,158,0,202,126,34.34,163.5,86,13.9,195.4,84,8.79,10.4,6,2.81,1,0
380-6631,0,1,119,26,161.3,97,27.42,250.3,110,21.28,142.4,92,6.41,6.6,8,1.78,1,0
390-8876,0,0,120,0,150.6,85,25.6,119,128,10.12,232.9,123,10.48,6.4,2,1.73,1,0
413-2201,0,0,155,0,184.6,102,31.38,196,117,16.66,226.5,122,10.19,7.8,1,2.11,1,0
374-2073,0,0,106,0,220.7,120,37.52,270.2,95,22.97,121.6,113,5.47,8.7,5,2.35,1,0
358-1129,0,1,146,32,154,80,26.18,185.5,91,15.77,148.2,107,6.67,8.2,4,2.21,3,0
394-1211,0,1,101,29,121.1,116,20.59,186.4,100,15.84,241.7,75,10.88,10.1,6,2.73,0,0
358-5953,0,0,112,0,115.8,108,19.69,243.3,111,20.68,184.6,78,8.31,13.1,5,3.54,1,0
380-7624,0,1,108,30,276.6,99,47.02,220.1,113,18.71,177.9,95,8.01,9.8,6,2.65,2,0
416-5261,0,1,136,21,179.4,88,30.5,181.1,97,15.39,320.7,120,14.43,9.5,4,2.57,2,0
417-5067,0,0,128,0,187.3,84,31.84,270.8,95,23.02,206.4,68,9.29,10.1,5,2.73,1,0
406-1349,1,0,161,0,189.6,78,32.23,267.4,117,22.73,184.5,137,8.3,1.3,6,0.35,1,0
348-3444,0,1,120,31,153.5,83,26.1,219.1,96,18.62,237.4,76,10.68,11.4,4,3.08,0,0
370-2892,0,0,113,0,187.6,97,31.89,208.2,118,17.7,158.9,101,7.15,8.7,6,2.35,2,0
391-7937,0,1,148,26,244.9,150,41.63,118,138,10.03,236,91,10.62,15.2,4,4.1,2,0
410-9633,0,0,106,0,187.1,104,31.81,250.2,117,21.27,144.9,81,6.52,11,3,2.97,1,0
418-9502,0,0,179,0,170.7,54,29.02,191.1,108,16.24,214.6,107,9.66,13.3,4,3.59,1,0
392-6420,0,0,106,0,169.4,107,28.8,197.2,71,16.76,202.2,79,9.1,10.7,4,2.89,1,0
378-4013,1,1,135,24,127.7,54,21.71,215,105,18.28,234.3,84,10.54,5.8,4,1.57,2,0
386-6306,0,1,115,26,170.5,107,28.99,217.2,77,18.46,225.7,71,10.16,13.6,5,3.67,6,0
359-3618,1,0,167,0,219.1,100,37.25,242.9,90,20.65,168.9,101,7.6,10.1,4,2.73,2,0
340-8875,1,0,107,0,273.5,104,46.5,183.8,68,15.62,153.8,67,6.92,11,9,2.97,2,0
330-2693,1,0,112,0,161.9,138,27.52,200.9,114,17.08,134,134,6.03,10.7,4,2.89,1,0
342-3678,1,0,103,0,62.8,124,10.68,170.4,66,14.48,280.2,78,12.61,9.4,4,2.54,3,0
344-9943,0,1,107,22,281.1,83,47.79,143.7,130,12.21,239.4,128,10.77,11.2,9,3.02,1,0
368-9860,0,0,137,0,110.5,79,18.79,223.2,111,18.97,169.5,64,7.63,10.5,3,2.84,3,0
416-9522,1,1,92,45,281.1,88,47.79,198,103,16.83,94.3,76,4.24,7.5,3,2.03,0,0
386-1374,0,0,92,0,197,84,33.49,269.3,105,22.89,158.9,105,7.15,10.8,4,2.92,1,0
346-8112,0,1,113,32,180.4,89,30.67,129.4,124,11,166.9,124,7.51,8.4,2,2.27,1,0
366-3944,0,1,135,22,197.1,113,33.51,259.4,95,22.05,134.7,135,6.06,14.6,5,3.94,2,0
331-9861,0,1,100,26,153.7,115,26.13,137.8,146,11.71,213.5,104,9.61,15.9,5,4.29,1,0
330-2881,0,1,96,27,261.3,96,44.42,220.9,101,18.78,179.4,97,8.07,11.3,2,3.05,1,0
402-9558,0,0,108,0,246.2,102,41.85,202.4,134,17.2,180.1,95,8.1,9.4,5,2.54,1,0
371-8598,0,0,134,0,208.3,86,35.41,253.6,89,21.56,291,86,13.1,12.6,3,3.4,1,0
351-7269,0,0,161,0,332.9,67,56.59,317.8,97,27.01,160.6,128,7.23,5.4,9,1.46,4,1
383-6029,1,1,135,41,173.1,85,29.43,203.9,107,17.33,122.2,78,5.5,14.6,15,3.94,0,1
398-1294,0,0,119,0,159.1,114,27.05,231.3,117,19.66,143.2,91,6.44,8.8,3,2.38,5,1
370-7574,0,1,121,30,198.4,129,33.73,75.3,77,6.4,181.2,77,8.15,5.8,3,1.57,3,1
374-8042,0,0,150,0,178.9,101,30.41,169.1,110,14.37,148.6,100,6.69,13.8,3,3.73,4,1
360-1171,0,0,144,0,61.6,117,10.47,77.1,85,6.55,173,99,7.79,8.2,7,2.21,4,1
395-3026,0,0,106,0,210.6,96,35.8,249.2,85,21.18,191.4,88,8.61,12.4,1,3.35,2,1
402-1251,0,0,94,0,157.9,105,26.84,155,101,13.18,189.6,84,8.53,8,5,2.16,4,1
358-9095,0,0,128,0,237.9,125,40.44,247.6,93,21.05,208.9,68,9.4,13.9,4,3.75,1,1
334-1275,0,0,155,0,203.4,100,34.58,190.9,104,16.23,196,119,8.82,8.9,4,2.4,0,1
355-6291,0,0,120,0,212.1,131,36.06,209.4,104,17.8,167.2,96,7.52,5.3,5,1.43,1,1
335-4858,0,0,162,0,70.7,108,12.02,157.5,87,13.39,154.8,82,6.97,9.1,3,2.46,4,1
390-2390,1,0,117,0,167.1,86,28.41,177.5,87,15.09,249.4,132,11.22,14.1,7,3.81,2,1
372-3750,0,0,126,0,58.2,94,9.89,138.7,118,11.79,136.8,91,6.16,11.9,1,3.21,5,1
378-3625,0,0,208,0,326.5,67,55.51,176.3,113,14.99,181.7,102,8.18,10.7,6,2.89,2,1
353-7292,1,1,131,26,292.9,101,49.79,199.7,97,16.97,255.3,127,11.49,13.8,7,3.73,4,1
375-1476,0,0,136,0,250.2,121,42.53,267.1,118,22.7,151,114,6.8,13,2,3.51,1,1
360-3324,1,0,93,0,312,109,53.04,129.4,100,11,217.6,74,9.79,10.5,2,2.84,0,1
374-9107,0,0,139,0,134.4,106,22.85,211.3,98,17.96,193.6,125,8.71,10.2,2,2.75,5,1
338-1027,1,0,137,0,135.1,95,22.97,134.1,102,11.4,223.1,81,10.04,12.3,2,3.32,2,1
335-1697,0,0,108,0,198.5,99,33.75,267.8,60,22.76,354.9,75,15.97,9.4,3,2.54,0,1
386-4170,1,0,92,0,62.6,111,10.64,180.6,126,15.35,221.7,80,9.98,10.4,2,2.81,1,1
339-3049,0,1,144,48,189.8,96,32.27,123.4,67,10.49,214.2,106,9.64,6.5,2,1.76,2,1
387-5860,0,1,96,37,172.7,93,29.36,120.1,116,10.21,216.1,86,9.72,10.3,5,2.78,5,1
416-1676,0,0,127,0,266.6,106,45.32,264.8,168,22.51,207.2,119,9.32,5.9,2,1.59,1,1
329-7347,0,0,121,0,170.4,108,28.97,350.5,68,29.79,297,87,13.37,11.2,3,3.02,0,1
419-1714,0,0,113,0,272.1,111,46.26,268.5,118,22.82,213.8,105,9.62,8.5,10,2.3,1,1
336-3819,0,0,122,0,296.4,99,50.39,214.8,89,18.26,133.9,107,6.03,11.4,3,3.08,4,1
413-9269,1,1,128,32,223.5,81,38,188.8,74,16.05,154.9,101,6.97,9.4,2,2.54,2,1
420-7823,0,0,100,0,107,63,18.19,105.7,67,8.98,243.1,74,10.94,12.8,3,3.46,4,1
341-4463,1,0,159,0,257.1,53,43.71,312.2,127,26.54,183,82,8.24,8.8,6,2.38,1,1
343-5709,0,0,154,0,350.8,75,59.64,216.5,94,18.4,253.9,100,11.43,10.1,9,2.73,1,1
357-1909,1,0,151,0,218,57,37.06,114.4,88,9.72,269.2,95,12.11,12.4,1,3.35,0,1
374-7787,1,0,95,0,165.5,84,28.14,286.2,112,24.33,198.9,89,8.95,11.5,2,3.11,1,1
328-6011,0,0,94,0,234.4,103,39.85,279.3,109,23.74,234.2,121,10.54,2,2,0.54,1,1
332-5521,0,0,122,0,157.1,134,26.71,184.9,122,15.72,197.2,59,8.87,8.5,5,2.3,4,1
352-4418,0,0,113,0,239.7,47,40.75,282.9,110,24.05,238.4,88,10.73,8.7,3,2.35,2,1
361-6563,1,0,224,0,171.5,99,29.16,160,103,13.6,212.4,102,9.56,5,2,1.35,1,1
385-8997,0,0,100,0,278,76,47.26,176.7,74,15.02,219.5,126,9.88,8.3,4,2.24,0,1
405-6189,0,0,97,0,256.4,125,43.59,273.9,100,23.28,222.7,101,10.02,11.1,1,3,1,1
334-9505,0,1,132,36,226.2,103,38.45,181.6,125,15.44,258.8,102,11.65,10.5,5,2.84,3,1
376-8573,1,0,92,0,130.7,113,22.22,260.6,122,22.15,244.2,98,10.99,9.4,2,2.54,2,1
366-7247,1,0,93,0,216.9,61,36.87,207.4,120,17.63,221.7,110,9.98,17.5,5,4.73,1,1
405-3916,0,0,92,0,154,122,26.18,329.8,88,28.03,288,117,12.96,5.6,2,1.51,3,1
397-9148,0,1,118,26,170.8,114,29.04,199.5,125,16.96,169.7,98,7.64,9.6,5,2.59,5,1
416-2778,1,1,152,20,237.5,120,40.38,253.4,94,21.54,265.2,80,11.93,14.2,3,3.83,9,1
378-3508,1,1,95,41,136.8,91,23.26,200.8,61,17.07,133.7,67,6.02,10.3,9,2.78,5,1
364-7719,0,0,111,0,172.8,58,29.38,183.1,108,15.56,158.8,104,7.15,7.9,3,2.13,4,1
344-3160,1,1,133,32,221.1,137,37.59,264.9,99,22.52,168.9,108,7.6,15.4,4,4.16,2,1
353-6007,0,0,113,0,209.4,151,35.6,347.3,113,29.52,246,116,11.07,7.4,2,2,1,1
420-9838,0,0,104,0,234.2,128,39.81,293.1,92,24.91,183.9,79,8.28,9.8,6,2.65,0,1
345-1524,0,0,101,0,89.7,118,15.25,260.1,79,22.11,170.1,93,7.65,13.5,11,3.65,5,1
373-2053,0,0,112,0,335.5,77,57.04,212.5,109,18.06,265,132,11.93,12.7,8,3.43,2,1
380-7742,1,1,105,29,220.7,82,37.52,217.7,110,18.5,190.5,100,8.57,13.2,6,3.56,1,1
383-1657,1,0,110,0,293.3,79,49.86,188.5,90,16.02,266.9,91,12.01,14.5,4,3.92,0,1
348-8015,1,1,95,37,220.2,109,37.43,185.3,99,15.75,205.1,82,9.23,4.1,2,1.11,0,1
405-4920,0,0,109,0,264.7,69,45,305,120,25.93,197.4,86,8.88,9.5,9,2.57,1,1
420-9971,1,0,115,0,249.9,95,42.48,242.5,104,20.61,151.7,121,6.83,15.3,6,4.13,1,1
327-3587,0,1,103,36,87.2,92,14.82,169.3,110,14.39,166.7,80,7.5,10.9,5,2.94,6,1
353-8363,0,0,94,0,271.2,105,46.1,202.6,105,17.22,221.6,51,9.97,11.5,3,3.11,3,1
330-7754,1,0,91,0,145,89,24.65,175.8,102,14.94,223.7,151,10.07,16.7,3,4.51,2,1
383-4061,1,0,122,0,230.9,132,39.25,243.2,99,20.67,182.4,57,8.21,11,2,2.97,0,1
339-6637,1,1,149,28,126.9,97,21.57,166.9,102,14.19,145.2,77,6.53,8.8,3,2.38,5,1
371-9457,1,0,127,0,176.9,110,30.07,167.9,100,14.27,182.2,138,8.2,7.7,2,2.08,1,1
409-4447,1,0,121,0,167.7,94,28.51,93.7,121,7.96,241.3,115,10.86,13.4,1,3.62,3,1
410-6791,0,0,96,0,180.6,92,30.7,190.9,114,16.23,295.6,125,13.3,10.3,4,2.78,1,1
367-8168,1,0,136,0,199.6,89,33.93,211.4,96,17.97,72.4,84,3.26,11,4,2.97,3,1
374-9203,0,0,93,0,267.9,114,45.54,223,74,18.96,262.7,90,11.82,11.3,3,3.05,3,1
366-3358,0,0,98,0,271.4,119,46.14,190.4,102,16.18,284.7,118,12.81,11.1,6,3,4,1
395-6195,0,1,109,27,166.9,85,28.37,221.2,92,18.8,197.3,97,8.88,12.3,4,3.32,1,1
346-7656,0,0,97,0,120.8,96,20.54,169.8,101,14.43,194.1,63,8.73,11.9,3,3.21,4,1
418-9036,0,0,161,0,191.9,113,32.62,70.9,87,6.03,204.8,107,9.22,13.4,4,3.62,4,1
402-3892,0,0,118,0,267.8,145,45.53,316.4,121,26.89,208.6,91,9.39,14.4,11,3.89,5,1
355-2464,0,0,179,0,287.3,123,48.84,288,114,24.48,266,112,11.97,10.5,4,2.84,0,1
370-9755,0,1,122,33,174.9,103,29.73,248.2,105,21.1,164.6,116,7.41,13.5,3,3.65,1,1
332-6181,0,0,129,0,334.3,118,56.83,192.1,104,16.33,191,83,8.59,10.4,6,2.81,0,1
413-5190,0,1,93,21,134.2,105,22.81,162.5,128,13.81,186.6,90,8.4,11.8,2,3.19,4,1
369-8024,1,1,110,27,267.9,103,45.54,263.3,74,22.38,178.1,106,8.01,8.3,2,2.24,1,1
387-9137,0,0,133,0,277.3,138,47.14,228.4,117,19.41,117.3,103,5.28,12.8,4,3.46,2,1
329-2786,1,0,161,0,194.2,106,33.01,249.4,105,21.2,254.9,129,11.47,12.9,1,3.48,1,1
400-6257,0,1,99,42,216,125,36.72,232.3,104,19.75,215.5,100,9.7,9.3,4,2.51,2,1
338-6962,0,0,112,0,111.9,92,19.02,114,143,9.69,146.8,79,6.61,14.1,3,3.81,5,1
344-7197,0,0,108,0,154.2,123,26.21,112.3,86,9.55,246.4,75,11.09,15.4,4,4.16,4,1
332-5084,0,0,111,0,176.9,128,30.07,102.8,56,8.74,213.7,84,9.62,10.5,2,2.84,4,1
401-8735,0,1,135,28,201.4,100,34.24,246.5,117,20.95,154.8,131,6.97,12.9,4,3.48,2,1
368-1288,0,0,98,0,165,129,28.05,202.6,113,17.22,172.3,94,7.75,12.5,7,3.38,1,1
390-7930,0,0,91,0,154.4,165,26.25,168.3,121,14.31,239.9,81,10.8,11.7,4,3.16,5,1
362-5111,0,0,159,0,189.1,105,32.15,246.1,147,20.92,242,106,10.89,10.4,5,2.81,1,1
338-6018,1,1,106,26,270.3,111,45.95,215.2,90,18.29,254,133,11.43,14.4,7,3.89,1,1
385-8184,0,0,105,0,106.4,71,18.09,240.1,83,20.41,147.7,114,6.65,5.3,4,1.43,6,1
368-5437,0,0,132,0,193.3,106,32.86,128.3,94,10.91,162.1,119,7.29,11.6,4,3.13,5,1
409-4734,0,0,167,0,131.6,120,22.37,211.3,96,17.96,168.3,97,7.57,11.1,4,3,4,1
346-5068,0,0,172,0,287.1,108,48.81,178.4,125,15.16,153.2,98,6.89,14.4,2,3.89,3,1
352-5118,1,1,119,15,160,95,27.2,209.5,110,17.81,82.3,107,3.7,8.7,5,2.35,5,1
334-8694,0,0,105,0,270.9,98,46.05,226.2,110,19.23,178.8,60,8.05,8.8,5,2.38,0,1
356-8449,0,1,108,34,162.1,83,27.56,171.8,117,14.6,259.8,76,11.69,9.6,3,2.59,4,1
413-2241,0,0,163,0,247.7,77,42.11,269.5,108,22.91,167.3,82,7.53,9.6,7,2.59,0,1
377-1293,0,0,135,0,263.8,66,44.85,251.3,116,21.36,200.1,112,9,8.4,2,2.27,5,1
419-1863,0,0,171,0,270.5,69,45.99,230,112,19.55,136,111,6.12,9.6,5,2.59,1,1
411-4714,0,0,193,0,96.8,92,16.46,142.6,103,12.12,210.1,115,9.45,10.9,5,2.94,2,1
379-8681,0,0,126,0,321.3,99,54.62,167.9,93,14.27,193.6,106,8.71,8,4,2.16,1,1
346-1629,1,0,97,0,236.9,107,40.27,157.6,105,13.4,241,120,10.85,7.3,2,1.97,0,1
387-7371,0,0,111,0,284.4,89,48.35,157,113,13.35,242.8,91,10.93,8.4,8,2.27,0,1
392-2555,0,0,98,0,0,0,0,159.6,130,13.57,167.1,88,7.52,6.8,1,1.84,4,1
403-9167,1,0,106,0,133.7,45,22.73,187.8,107,15.96,181.9,89,8.19,10.7,2,2.89,1,1
339-1330,0,0,115,0,245,97,41.65,250.7,75,21.31,270.2,124,12.16,13.7,8,3.7,1,1
399-6233,0,0,108,0,112,105,19.04,193.7,110,16.46,208.9,93,9.4,4.1,4,1.11,4,1
413-4040,0,0,101,0,269.7,85,45.85,207.6,86,17.65,214.2,107,9.64,4.5,15,1.22,3,1
366-5829,0,0,125,0,143.2,80,24.34,88.1,94,7.49,233.2,135,10.49,8.8,7,2.38,4,1
390-9627,0,0,102,0,195.7,116,33.27,209.1,87,17.77,201.1,73,9.05,8.3,3,2.24,1,1
398-8745,0,1,133,44,174,80,29.58,209.4,113,17.8,224.1,87,10.08,14.1,7,3.81,2,1
343-5219,1,0,107,0,133.3,106,22.66,182.9,89,15.55,241.1,123,10.85,12.9,2,3.48,3,1
344-3466,0,1,126,30,153.4,90,26.08,151.4,97,12.87,153.8,97,6.92,12.8,4,3.46,4,1
337-7167,0,0,143,0,223.3,99,37.96,167.1,128,14.2,203,84,9.14,4.5,4,1.22,0,1
380-7816,1,0,138,0,46.5,104,7.91,186,114,15.81,167.5,95,7.54,9.6,4,2.59,4,1
402-6744,0,1,103,18,149.9,84,25.48,170.9,84,14.53,171.5,112,7.72,11.5,7,3.11,0,1
400-2181,1,0,127,0,242.2,102,41.17,226.1,80,19.22,252,96,11.34,13.9,5,3.75,2,1
366-1613,0,0,136,0,259.4,99,44.1,172.7,125,14.68,293.7,78,13.22,10.7,6,2.89,1,1
384-8723,1,1,118,21,156.5,122,26.61,209.2,125,17.78,158.7,81,7.14,11.1,3,3,4,1
341-7686,0,0,113,0,61.2,111,10.4,92.3,88,7.85,197.4,114,8.88,13.7,3,3.7,5,1
371-2500,0,0,225,0,165.4,106,28.12,273.7,109,23.26,210,93,9.45,8.7,3,2.35,0,1
405-1108,1,0,105,0,273.9,119,46.56,278.6,103,23.68,255.3,90,11.49,10.9,7,2.94,1,1
387-2604,1,0,99,0,242.3,102,41.19,350.9,102,29.83,163.1,93,7.34,11.3,3,3.05,0,1
417-4810,0,0,184,0,236.4,73,40.19,287.3,120,24.42,192,94,8.64,13.8,4,3.73,1,1
368-7706,0,0,149,0,119.2,88,20.26,168.3,110,14.31,204.7,119,9.21,12.2,6,3.29,4,1
405-2276,0,0,116,0,159.4,79,27.1,179.5,88,15.26,167.8,71,7.55,9.7,2,2.62,6,1
372-7990,0,0,173,0,291.8,143,49.61,214.3,134,18.22,151.2,119,6.8,9.9,2,2.67,0,1
384-3299,1,0,93,0,131.4,78,22.34,219.7,106,18.67,155.7,103,7.01,11.1,2,3,1,1
395-7923,1,0,197,0,127.3,80,21.64,222.3,115,18.9,173.9,95,7.83,13.7,5,3.7,5,1
348-5725,0,0,95,0,269,120,45.73,233.7,120,19.86,179.3,61,8.07,7.3,4,1.97,2,1
380-8727,0,0,99,0,115.5,75,19.64,218.1,111,18.54,254.9,98,11.47,11.5,7,3.11,7,1
333-5101,0,0,140,0,120.3,108,20.45,240.4,84,20.43,216.4,74,9.74,7.7,3,2.08,4,1
384-5004,0,0,144,0,278.5,95,47.35,240.7,90,20.46,120,90,5.4,11.6,5,3.13,1,1
404-3106,1,0,109,0,268.4,85,45.63,150.6,131,12.8,297.9,84,13.41,9.7,8,2.62,2,1
334-5029,0,0,115,0,286.4,125,48.69,205.7,74,17.48,191.4,141,8.61,6.9,6,1.86,1,1
421-8537,1,0,181,0,161.3,83,27.42,124.4,83,10.57,262,98,11.79,14.1,3,3.81,0,1
348-6720,0,0,111,0,132.6,125,22.54,221.1,67,18.79,127.9,101,5.76,12.7,2,3.43,4,1
390-5055,1,0,115,0,122,110,20.74,220.2,100,18.72,179.7,124,8.09,10.8,2,2.92,2,1
331-1391,0,0,149,0,242.5,83,41.23,245.4,97,20.86,219.6,80,9.88,10,3,2.7,3,1
409-7523,1,0,125,0,187.3,118,31.84,160.7,111,13.66,263.8,112,11.87,9.6,2,2.59,0,1
397-1766,1,0,117,0,54.2,100,9.21,303.2,84,25.77,171.8,84,7.73,8.6,2,2.32,1,1
373-8908,0,0,97,0,276.1,82,46.94,201.1,106,17.09,231.3,73,10.41,8.9,4,2.4,0,1
342-4122,0,0,119,0,287.1,115,48.81,159.3,99,13.54,216.8,86,9.76,13.9,1,3.75,2,1
340-1876,0,1,162,26,179.7,144,30.55,218.1,129,18.54,212.3,105,9.55,9.3,8,2.51,1,1
407-2259,0,0,107,0,222.3,101,37.79,286,111,24.31,249.4,117,11.22,12.1,4,3.27,1,1
417-3999,1,1,119,16,147.2,103,25.02,160.1,96,13.61,184,120,8.28,7.7,2,2.08,0,1
379-1720,1,0,133,0,254.7,103,43.3,252.2,80,21.44,178.1,103,8.01,8,3,2.16,0,1
405-7676,0,0,146,0,149.3,83,25.38,187.1,130,15.9,149.8,100,6.74,7.9,4,2.13,7,1
361-2349,0,0,119,0,81.9,75,13.92,253.8,114,21.57,213.1,125,9.59,8.9,1,2.4,2,1
387-5533,0,0,101,0,239,156,40.63,273,106,23.21,278.2,93,12.52,13.5,8,3.65,1,1
405-4109,1,1,105,28,156.1,89,26.54,107.1,114,9.1,167.7,95,7.55,14.7,3,3.97,0,1
357-5696,0,0,91,0,153,123,26.01,141.1,127,11.99,171.5,76,7.72,10.3,15,2.78,1,1
405-5403,1,0,147,0,225.2,111,38.28,184.9,98,15.72,143.2,146,6.44,9.9,1,2.67,0,1
335-2019,0,0,159,0,275.8,103,46.89,189.5,108,16.11,223.9,93,10.08,7.4,5,2,2,1
384-5632,1,1,93,38,225.7,117,38.37,119.6,122,10.17,193.2,125,8.69,14,7,3.78,1,1
352-6068,0,1,174,33,167.8,91,28.53,205.3,91,17.45,130,132,5.85,14.5,4,3.92,4,1
371-1727,0,0,103,0,150.6,125,25.6,169.1,126,14.37,221.2,104,9.95,10.4,8,2.81,8,1
382-4932,0,0,100,0,70.8,94,12.04,215.6,102,18.33,230.8,125,10.39,9.5,1,2.57,6,1
377-5043,0,0,119,0,260.1,101,44.22,256.5,68,21.8,229.1,89,10.31,10,2,2.7,1,1
401-7359,0,0,105,0,281.3,124,47.82,301.5,96,25.63,202.8,109,9.13,8.7,3,2.35,0,1
375-2184,1,1,108,42,130.1,90,22.12,167,128,14.2,244.7,80,11.01,13.6,5,3.67,3,1
403-9719,0,0,113,0,128.7,100,21.88,227.1,67,19.3,178.1,135,8.01,9.2,4,2.48,2,1
399-7268,0,0,139,0,236.6,109,40.22,169.9,107,14.44,212.3,118,9.55,11.1,2,3,1,1
403-2673,0,1,113,20,157.8,83,26.83,161.5,56,13.73,271.5,100,12.22,8.7,2,2.35,5,1
417-4826,1,0,106,0,204,84,34.68,168.5,61,14.32,164,102,7.38,13.3,3,3.59,3,1
339-6477,0,0,112,0,272.5,119,46.33,226.1,94,19.22,159.1,94,7.16,16.4,5,4.43,3,1
408-4836,0,0,93,0,328.1,106,55.78,151.7,89,12.89,303.5,114,13.66,8.7,3,2.35,1,1
374-8329,1,0,154,0,145.9,69,24.8,208.2,141,17.7,180.9,106,8.14,14.4,10,3.89,0,1
367-8692,0,0,162,0,217.6,87,36.99,279,71,23.72,250.7,65,11.28,10.4,4,2.81,2,1
335-4888,0,0,136,0,269.8,106,45.87,228.8,101,19.45,257.5,106,11.59,10.1,8,2.73,1,1
379-7215,0,0,94,0,269.2,104,45.76,193.8,144,16.47,257.6,61,11.59,8.9,2,2.4,3,1
400-8538,1,0,95,0,228.9,134,38.91,255.7,71,21.73,208,120,9.36,10.1,2,2.73,4,1
355-2634,1,1,128,18,222.1,89,37.76,160.6,109,13.65,218.8,102,9.85,13.6,2,3.67,0,1
422-5350,0,0,123,0,236.2,135,40.15,273.9,88,23.28,227,77,10.22,10.1,6,2.73,2,1
381-4029,0,0,150,0,136.6,112,23.22,209.4,81,17.8,161.1,78,7.25,12.2,2,3.29,4,1
388-6026,1,0,138,0,196.2,129,33.35,176.5,86,15,232.4,108,10.46,15.2,1,4.1,0,1
329-9067,0,0,111,0,249.8,109,42.47,242.4,106,20.6,231.8,78,10.43,11.6,4,3.13,0,1
411-2958,1,0,92,0,252.3,120,42.89,207,112,17.6,284.6,95,12.81,12,5,3.24,3,1
385-7148,0,0,100,0,96.5,86,16.41,210.2,133,17.87,146.4,106,6.59,12.5,3,3.38,1,1
387-1535,0,0,126,0,249.8,96,42.47,261.9,92,22.26,166.8,108,7.51,12.7,4,3.43,3,1
336-8343,0,0,212,0,226,127,38.42,304.6,83,25.89,181.2,132,8.15,12.6,4,3.4,2,1
359-5731,0,0,172,0,270,102,45.9,256.6,111,21.81,168.5,104,7.58,12,5,3.24,2,1
367-1681,1,0,166,0,47.7,89,8.11,264.4,95,22.47,235.2,97,10.58,13.2,3,3.56,0,1
351-4025,1,0,94,0,89.5,94,15.22,339.9,106,28.89,172.9,76,7.78,7.9,1,2.13,1,1
329-9667,1,0,115,0,251.3,69,42.72,252.5,96,21.46,118.3,112,5.32,9.9,1,2.67,3,1
416-5660,0,0,167,0,169.2,124,28.76,173.3,108,14.73,216.5,64,9.74,12.4,4,3.35,4,1
365-7774,1,0,97,0,145,103,24.65,294.3,93,25.02,239.8,120,10.79,11,2,2.97,4,1
406-2242,0,0,98,0,217.2,121,36.92,303.4,73,25.79,197.1,71,8.87,12.4,2,3.35,0,1
379-2503,0,0,116,0,133.3,94,22.66,247.8,126,21.06,219,78,9.86,11.3,5,3.05,5,1
328-7833,0,0,98,0,227.1,116,38.61,120.5,103,10.24,117,102,5.27,4.7,4,1.27,5,1
342-8167,0,0,113,0,245.3,108,41.7,259.9,140,22.09,204.3,115,9.19,10.7,2,2.89,3,1
348-4316,0,0,124,0,143.3,120,24.36,230.7,111,19.61,214.3,91,9.64,7.8,2,2.11,4,1
375-3826,0,0,110,0,271.1,108,46.09,237,122,20.15,239.9,122,10.8,9.8,5,2.65,2,1
371-6284,1,0,124,0,157.8,71,26.83,203.2,114,17.27,168.7,82,7.59,10,2,2.7,3,1
410-7611,1,0,120,0,179.9,72,30.58,170,98,14.45,190.6,89,8.58,13.8,2,3.73,1,1
399-2457,0,0,102,0,273.2,85,46.44,211.1,82,17.94,203.7,129,9.17,13.1,7,3.54,2,1
358-2490,0,0,105,0,273.8,97,46.55,289.7,106,24.62,269.1,126,12.11,5.8,3,1.57,2,1
349-3112,0,0,153,0,159.5,103,27.12,275.5,90,23.42,176.7,126,7.95,10.1,2,2.73,1,1
391-1737,0,0,112,0,174.3,123,29.63,140.2,124,11.92,215.4,89,9.69,9,6,2.43,4,1
364-5510,0,1,101,36,123.7,125,21.03,172.6,106,14.67,280.5,127,12.62,8.8,4,2.38,1,1
344-1136,1,0,120,0,202,123,34.34,184.3,78,15.67,176,89,7.92,7.4,2,2,2,1
378-6276,0,1,108,32,209.5,108,35.62,109.6,64,9.32,189.7,145,8.54,9.1,6,2.46,6,1
343-2592,0,0,161,0,297.9,141,50.64,238.1,107,20.24,240.5,93,10.82,8.9,5,2.4,1,1
396-4410,0,0,130,0,212.8,102,36.18,189.8,137,16.13,170.1,105,7.65,10.6,4,2.86,0,1
347-3406,0,0,107,0,294.9,71,50.13,192.8,78,16.39,148.1,87,6.66,13.2,5,3.56,1,1
352-7752,1,0,126,0,239.7,87,40.75,281.7,92,23.94,183.5,113,8.26,11.4,1,3.08,1,1
333-4594,0,1,92,29,201.3,130,34.22,203.7,115,17.31,129.9,113,5.85,6.4,6,1.73,1,1
388-2240,1,1,139,31,203.5,82,34.6,200.3,72,17.03,214,112,9.63,13.4,6,3.62,1,1
354-5689,0,0,114,0,147.1,119,25.01,161,111,13.69,275.9,106,12.42,9,3,2.43,5,1
399-2151,1,0,100,0,159.9,94,27.18,179.9,95,15.29,154.4,102,6.95,11.6,2,3.13,2,1
379-9524,0,0,132,0,197.8,66,33.63,133.9,119,11.38,177.3,94,7.98,10.9,3,2.94,4,1
409-9911,0,1,105,31,109.6,108,18.63,249.3,119,21.19,321.2,101,14.45,8.3,4,2.24,4,1
379-6970,0,0,182,0,279.5,118,47.52,203.2,113,17.27,174.2,101,7.84,10.7,4,2.89,2,1
332-6139,1,1,152,41,146.8,128,24.96,285.6,96,24.28,213.6,80,9.61,4.3,2,1.16,1,1
415-4564,0,0,129,0,137.8,120,23.43,225.8,110,19.19,145.2,95,6.53,10.2,6,2.75,1,1
414-7090,1,1,116,29,162.3,91,27.59,279.3,79,23.74,192.7,131,8.67,11.7,2,3.16,3,1
332-2889,0,0,143,0,167.8,72,28.53,211,99,17.94,153.5,109,6.91,10.5,6,2.84,4,1
372-8883,0,0,111,0,123.1,88,20.93,213.9,84,18.18,184.9,88,8.32,12,2,3.24,5,1
408-3262,0,0,92,0,184.7,60,31.4,262,73,22.27,239.5,120,10.78,12.3,6,3.32,2,1
410-3159,0,0,125,0,113,108,19.21,169.2,107,14.38,156.6,61,7.05,9.2,5,2.48,2,1
344-5181,0,0,119,0,294.2,100,50.01,232.5,53,19.76,195,64,8.78,9,1,2.43,0,1
384-7236,1,1,138,28,211.2,117,35.9,312.5,98,26.56,178,118,8.01,10.7,2,2.89,3,1
378-9542,0,0,152,0,317.8,60,54.03,152.9,100,13,123.4,63,5.55,10.4,7,2.81,1,1
344-1970,0,0,124,0,312,112,53.04,180,109,15.3,168.6,94,7.59,12.8,4,3.46,1,1
333-9002,0,0,131,0,131.6,95,22.37,179.3,109,15.24,251.2,129,11.3,15.5,3,4.19,1,1
329-6731,0,0,123,0,123.2,104,20.94,190,117,16.15,170.3,95,7.66,12.9,5,3.48,4,1
395-1901,0,0,122,0,231.2,141,39.3,267.8,136,22.76,240.3,100,10.81,8.8,5,2.38,1,1
348-1163,1,0,115,0,345.3,81,58.7,203.4,106,17.29,217.5,107,9.79,11.8,8,3.19,1,1
354-7397,0,0,97,0,225.1,90,38.27,279.5,127,23.76,233.8,103,10.52,8.8,4,2.38,0,1
332-5820,0,0,145,0,224.2,89,38.11,314.9,121,26.77,182.9,121,8.23,16.1,3,4.35,1,1
357-1938,1,0,125,0,298.4,78,50.73,270.5,142,22.99,107.3,84,4.83,12.2,2,3.29,0,1
409-4671,1,1,147,35,157.5,109,26.78,189.6,67,16.12,227,76,10.22,11.1,2,3,3,1
376-5213,0,0,105,0,226.9,106,38.57,182.2,77,15.49,203.9,107,9.18,11.6,2,3.13,0,1
402-3370,0,1,141,32,322.4,92,54.81,283.2,107,24.07,209.5,111,9.43,6.7,3,1.81,1,1
382-8079,1,0,91,0,246.4,110,41.89,182,98,15.47,157.6,106,7.09,12.1,2,3.27,2,1
373-6922,0,0,116,0,288,120,48.96,255.8,90,21.74,233.4,99,10.5,13.4,4,3.62,0,1
369-6890,1,1,188,26,198.8,115,33.8,166.6,67,14.16,198.5,118,8.93,14.4,3,3.89,1,1
420-6324,1,0,103,0,255.9,128,43.5,140.9,92,11.98,308.9,130,13.9,12.1,2,3.27,1,1
369-1929,0,0,180,0,224.9,105,38.23,250,101,21.25,216.1,73,9.72,6.7,5,1.81,3,1
415-6347,0,0,121,0,144.8,126,24.62,200.6,82,17.05,208.8,81,9.4,13.3,9,3.59,0,1
390-9735,1,1,125,29,260.8,81,44.34,163.7,112,13.91,271.7,117,12.23,17,6,4.59,1,1
343-2689,0,0,125,0,240.7,82,40.92,269.4,85,22.9,187.1,74,8.42,10.1,3,2.73,0,1
388-7540,0,0,209,0,255.1,124,43.37,230.6,110,19.6,218,69,9.81,8.5,5,2.3,3,1
389-4608,0,0,132,0,291.2,104,49.5,234.2,132,19.91,191.7,87,8.63,8.9,3,2.4,1,1
418-8568,0,0,182,0,279.1,124,47.45,180.5,108,15.34,217.5,104,9.79,9.5,11,2.57,2,1
405-3309,0,0,127,0,245.2,91,41.68,217.2,92,18.46,243.1,128,10.94,13.9,6,3.75,0,1
384-4938,1,0,130,0,216.2,106,36.75,363.7,86,30.91,126.7,123,5.7,16.9,2,4.56,5,1
376-4292,0,0,147,0,274,92,46.58,231.8,82,19.7,283.6,83,12.76,6.2,1,1.67,0,1
352-5787,1,0,137,0,237.3,103,40.34,176.7,84,15.02,263.4,81,11.85,14.2,4,3.83,0,1
415-3537,0,0,161,0,154.7,84,26.3,177.8,125,15.11,172.9,90,7.78,5.9,2,1.59,4,1
373-3959,0,1,134,34,247.2,105,42.02,225.5,133,19.17,186.3,76,8.38,6.1,5,1.65,2,1
401-9665,0,0,119,0,239.1,88,40.65,243.5,79,20.7,230.9,92,10.39,10.9,3,2.94,3,1
409-6588,0,1,109,29,111.2,90,18.9,263.5,98,22.4,224.7,128,10.11,9,6,2.43,6,1
330-5824,1,0,137,0,258,112,43.86,246.5,117,20.95,173.2,100,7.79,10.9,3,2.94,0,1
358-3692,0,0,130,0,263.7,113,44.83,186.5,103,15.85,195.3,99,8.79,18.3,6,4.94,1,1
391-2159,0,0,159,0,167.4,68,28.46,143.8,74,12.22,140.1,111,6.3,10.3,3,2.78,0,1
388-8948,1,0,123,0,125.5,106,21.34,128.9,96,10.96,251.9,129,11.34,6.3,6,1.7,4,1
363-8033,0,0,112,0,266,97,45.22,214.6,94,18.24,306.2,100,13.78,14.2,2,3.83,2,1
328-9267,0,1,97,32,90,87,15.3,276.3,113,23.49,185.2,107,8.33,8.6,6,2.32,2,1
366-1084,0,0,134,0,296,93,50.32,226.4,117,19.24,246.8,98,11.11,12.3,10,3.32,0,1
348-4660,1,0,178,0,124.5,134,21.17,141.2,78,12,268.2,113,12.07,11.4,2,3.08,2,1
397-6542,0,0,170,0,285.7,44,48.57,167.5,144,14.24,260,97,11.7,8.7,4,2.35,1,1
404-4809,0,0,93,0,271.1,101,46.09,237.4,133,20.18,145.4,103,6.54,8.4,6,2.27,1,1
406-7844,0,0,148,0,279.3,104,47.48,201.6,87,17.14,280.8,99,12.64,7.9,2,2.13,2,1
406-2866,0,0,96,0,276.9,105,47.07,246.9,94,20.99,254.4,107,11.45,10.3,3,2.78,1,1
333-5729,0,0,168,0,163.4,134,27.78,240.1,87,20.41,164,147,7.38,11.6,2,3.13,2,1
328-5188,1,0,117,0,287.4,118,48.86,259.6,84,22.07,153.2,86,6.89,10,3,2.7,1,1
378-1936,0,0,145,0,245.8,116,41.79,286.7,91,24.37,240.7,115,10.83,9,13,2.43,1,1
380-4374,0,0,133,0,117.8,100,20.03,199.2,105,16.93,244.1,119,10.98,11.8,4,3.19,0,1
387-1116,0,0,123,0,242.2,87,41.17,226.1,101,19.22,268.6,121,12.09,8.2,3,2.21,5,1
384-3413,0,0,95,0,128.6,115,21.86,216.2,88,18.38,255.3,96,11.49,6.3,2,1.7,6,1
333-3010,0,1,98,36,168,81,28.56,163.2,125,13.87,172.7,120,7.77,8,2,2.16,6,1
353-3372,0,0,99,0,256.4,44,43.59,214.5,105,18.23,233.7,75,10.52,7.9,1,2.13,3,1
360-2329,0,0,160,0,234.9,136,39.93,270.8,134,23.02,219.3,101,9.87,13.9,2,3.75,1,1
385-1118,1,0,148,0,233.5,81,39.7,187.7,71,15.95,122.3,97,5.5,9.6,2,2.59,0,1
408-8269,0,1,147,35,197.3,134,33.54,141.1,99,11.99,212.1,90,9.54,10.1,4,2.73,2,1
413-9328,0,0,99,0,135.7,107,23.07,208.4,103,17.71,209,95,9.4,8.8,3,2.38,7,1
406-8995,1,0,131,0,122.3,83,20.79,118.8,94,10.1,147.9,95,6.66,13.7,3,3.7,3,1
341-9890,1,0,108,0,115.1,114,19.57,211.3,70,17.96,136.1,85,6.12,13.8,3,3.73,2,1
344-1362,0,0,128,0,227.9,130,38.74,302.6,71,25.72,191.5,82,8.62,5.5,7,1.49,1,1
345-3947,0,0,177,0,266.1,91,45.24,225.2,79,19.14,224.7,58,10.11,8.9,8,2.4,3,1
379-5885,0,0,169,0,266.7,105,45.34,158.2,88,13.45,287.7,111,12.95,13.8,3,3.73,3,1
342-1004,0,1,103,35,110.5,101,18.79,208.3,81,17.71,87.4,77,3.93,13.9,2,3.75,4,1
345-4589,0,0,101,0,158.4,92,26.93,188,117,15.98,219.7,125,9.89,13.5,4,3.65,4,1
349-3005,0,0,130,0,271.8,129,46.21,237.2,128,20.16,210.1,91,9.45,8.7,2,2.35,4,1
411-2977,0,0,154,0,154.5,122,26.27,214.2,71,18.21,178,105,8.01,12,2,3.24,3,1
385-7157,0,0,115,0,139.3,89,23.68,192.3,95,16.35,151,75,6.8,9.3,3,2.51,7,1
385-4766,0,0,108,0,291.6,99,49.57,221.1,93,18.79,229.2,110,10.31,14,9,3.78,2,1
341-4873,0,0,100,0,113.3,96,19.26,197.9,89,16.82,284.5,93,12.8,11.7,2,3.16,4,1
394-5489,0,0,161,0,322.3,100,54.79,230.4,135,19.58,241.5,104,10.87,7.8,5,2.11,2,1
416-3649,1,0,127,0,143.2,60,24.34,179.5,159,15.26,171.8,122,7.73,6.2,4,1.67,4,1
415-5476,0,0,201,0,225.9,110,38.4,299.1,86,25.42,251.3,81,11.31,11.2,4,3.02,1,1
346-5992,0,0,103,0,174.7,151,29.7,148,56,12.58,168.2,109,7.57,15.8,3,4.27,6,1
345-3787,0,0,111,0,294.7,90,50.1,294.6,72,25.04,260.1,121,11.7,10.8,3,2.92,1,1
370-9622,0,0,115,0,226.4,101,38.49,276.8,60,23.53,213.4,82,9.6,12.3,4,3.32,3,1
351-2815,0,0,100,0,264.5,117,44.97,194,111,16.49,262.7,111,11.82,7.5,4,2.03,2,1
378-1884,0,0,121,0,255.1,93,43.37,266.9,97,22.69,197.7,118,8.9,8.8,3,2.38,3,1
384-6132,1,0,177,0,248.7,118,42.28,172.3,73,14.65,191.9,87,8.64,11.3,2,3.05,1,1
338-6714,1,0,113,0,122.2,112,20.77,131.7,94,11.19,169.5,106,7.63,10.3,9,2.78,5,1
377-4975,0,0,146,0,138.4,104,23.53,158.9,122,13.51,47.4,73,2.13,3.9,9,1.05,4,1
